Date,Price,DaysFromPeak,DrawdownPct,PctOfPeak
2011-06-08,29.0299,0,0.0000,100.0000
2011-06-09,28.7905,1,-0.8246,99.1754
2011-06-10,24.0494,2,-17.1565,82.8435
2011-06-11,14.7497,3,-49.1912,50.8088
2011-06-12,18.8501,4,-35.0665,64.9335
2011-06-13,19.5423,5,-32.6821,67.3179
2011-06-14,19.2577,6,-33.6625,66.3375
2011-06-15,19.4641,7,-32.9514,67.0486
2011-06-16,17.9294,8,-38.2383,61.7617
2011-06-17,15.4364,9,-46.8260,53.1740
2011-06-18,16.8754,10,-41.8689,58.1311
2011-06-19,17.5107,11,-39.6805,60.3195
2011-06-20,17.5107,12,-39.6805,60.3195
2011-06-21,17.5107,13,-39.6805,60.3195
2011-06-22,17.5107,14,-39.6805,60.3195
2011-06-23,17.5107,15,-39.6805,60.3195
2011-06-24,17.5107,16,-39.6805,60.3195
2011-06-25,17.5107,17,-39.6805,60.3195
2011-06-26,16.3613,18,-43.6397,56.3603
2011-06-27,16.7523,19,-42.2930,57.7070
2011-06-28,16.9618,20,-41.5712,58.4288
2011-06-29,16.8546,21,-41.9407,58.0593
2011-06-30,16.1853,22,-44.2463,55.7537
2011-07-01,15.4204,23,-46.8812,53.1188
2011-07-02,15.3828,24,-47.0104,52.9896
2011-07-03,15.4576,25,-46.7530,53.2470
2011-07-04,13.8528,26,-52.2810,47.7190
2011-07-05,12.9648,27,-55.3398,44.6602
2011-07-06,14.7148,28,-49.3117,50.6883
2011-07-07,14.7973,29,-49.0275,50.9725
2011-07-08,14.2990,30,-50.7438,49.2562
2011-07-09,14.3815,31,-50.4597,49.5403
2011-07-10,14.6229,32,-49.6280,50.3720
2011-07-11,14.3102,33,-50.7055,49.2945
2011-07-12,14.0213,34,-51.7006,48.2994
2011-07-13,13.9715,35,-51.8722,48.1278
2011-07-14,13.9980,36,-51.7809,48.2191
2011-07-15,13.8064,37,-52.4408,47.5592
2011-07-16,13.7131,38,-52.7623,47.2377
2011-07-17,13.2581,39,-54.3294,45.6706
2011-07-18,13.6305,40,-53.0466,46.9534
2011-07-19,13.8248,41,-52.3774,47.6226
2011-07-20,13.6783,42,-52.8820,47.1180
2011-07-21,13.6118,43,-53.1111,46.8889
2011-07-22,13.6985,44,-52.8123,47.1877
2011-07-23,13.6817,45,-52.8703,47.1297
2011-07-24,13.9925,46,-51.7997,48.2003
2011-07-25,14.0334,47,-51.6588,48.3412
2011-07-26,13.8780,48,-52.1940,47.8060
2011-07-27,13.8782,49,-52.1934,47.8066
2011-07-28,13.4916,50,-53.5252,46.4748
2011-07-29,13.5123,51,-53.4538,46.5462
2011-07-30,13.5403,52,-53.3575,46.6425
2011-07-31,13.3729,53,-53.9341,46.0659
2011-08-01,13.0191,54,-55.1528,44.8472
2011-08-02,12.2142,55,-57.9256,42.0744
2011-08-03,9.2864,56,-68.0111,31.9889
2011-08-04,10.7685,57,-62.9055,37.0945
2011-08-05,9.7302,58,-66.4823,33.5177
2011-08-06,6.9642,59,-76.0104,23.9896
2011-08-07,8.5018,60,-70.7137,29.2863
2011-08-08,7.7753,61,-73.2161,26.7839
2011-08-09,9.8025,62,-66.2331,33.7669
2011-08-10,10.0513,63,-65.3762,34.6238
2011-08-11,9.4384,64,-67.4873,32.5127
2011-08-12,9.4530,65,-67.4371,32.5629
2011-08-13,10.0040,66,-65.5389,34.4611
2011-08-14,10.8068,67,-62.7735,37.2265
2011-08-15,11.1307,68,-61.6578,38.3422
2011-08-16,10.9920,69,-62.1357,37.8643
2011-08-17,10.9640,70,-62.2322,37.7678
2011-08-18,10.8585,71,-62.5956,37.4044
2011-08-19,11.6705,72,-59.7985,40.2015
2011-08-20,11.4597,73,-60.5244,39.4756
2011-08-21,11.3545,74,-60.8870,39.1130
2011-08-22,10.9209,75,-62.3806,37.6194
2011-08-23,10.9172,76,-62.3931,37.6069
2011-08-24,10.8704,77,-62.5543,37.4457
2011-08-25,9.5461,78,-67.1164,32.8836
2011-08-26,8.1269,79,-72.0050,27.9950
2011-08-27,8.5965,80,-70.3875,29.6125
2011-08-28,9.0309,81,-68.8912,31.1088
2011-08-29,8.9612,82,-69.1313,30.8687
2011-08-30,8.8099,83,-69.6522,30.3478
2011-08-31,8.1992,84,-71.7562,28.2438
2011-09-01,8.2343,85,-71.6352,28.3648
2011-09-02,8.6214,86,-70.3016,29.6984
2011-09-03,8.4497,87,-70.8933,29.1067
2011-09-04,8.2035,88,-71.7413,28.2587
2011-09-05,7.5973,89,-73.8293,26.1707
2011-09-06,6.8465,90,-76.4156,23.5844
2011-09-07,7.1630,91,-75.3256,24.6744
2011-09-08,6.6782,92,-76.9955,23.0045
2011-09-09,4.9868,93,-82.8219,17.1781
2011-09-10,4.7428,94,-83.6622,16.3378
2011-09-11,5.8529,95,-79.8384,20.1616
2011-09-12,6.0906,96,-79.0195,20.9805
2011-09-13,5.8025,97,-80.0119,19.9881
2011-09-14,5.5974,98,-80.7184,19.2816
2011-09-15,4.8678,99,-83.2319,16.7681
2011-09-16,4.8312,100,-83.3580,16.6420
2011-09-17,4.7753,101,-83.5505,16.4495
2011-09-18,5.2367,102,-81.9609,18.0391
2011-09-19,5.5204,103,-80.9838,19.0162
2011-09-20,6.1467,104,-78.8264,21.1736
2011-09-21,5.5971,105,-80.7197,19.2803
2011-09-22,5.4750,106,-81.1400,18.8600
2011-09-23,5.5634,107,-80.8356,19.1644
2011-09-24,5.4579,108,-81.1991,18.8009
2011-09-25,5.3412,109,-81.6012,18.3988
2011-09-26,4.8738,110,-83.2110,16.7890
2011-09-27,4.9112,111,-83.0824,16.9176
2011-09-28,4.7634,112,-83.5914,16.4086
2011-09-29,4.7777,113,-83.5423,16.4577
2011-09-30,5.1437,114,-82.2814,17.7186
2011-10-01,5.0341,115,-82.6590,17.3410
2011-10-02,5.0071,116,-82.7521,17.2479
2011-10-03,5.0228,117,-82.6977,17.3023
2011-10-04,4.9568,118,-82.9252,17.0748
2011-10-05,4.8851,119,-83.1723,16.8277
2011-10-06,4.7302,120,-83.7059,16.2941
2011-10-07,4.2760,121,-85.2702,14.7298
2011-10-08,3.9813,122,-86.2857,13.7143
2011-10-09,4.1116,123,-85.8366,14.1634
2011-10-10,4.0750,124,-85.9629,14.0371
2011-10-11,4.0089,125,-86.1904,13.8096
2011-10-12,4.1662,126,-85.6485,14.3515
2011-10-13,4.0370,127,-86.0937,13.9063
2011-10-14,3.9863,128,-86.2684,13.7316
2011-10-15,3.8373,129,-86.7814,13.2186
2011-10-16,3.6097,130,-87.5654,12.4346
2011-10-17,2.5812,131,-91.1083,8.8917
2011-10-18,2.4223,132,-91.6559,8.3441
2011-10-19,2.2173,133,-92.3622,7.6378
2011-10-20,2.3561,134,-91.8838,8.1162
2011-10-21,2.5701,135,-91.1467,8.8533
2011-10-22,3.1555,136,-89.1302,10.8698
2011-10-23,3.1478,137,-89.1569,10.8431
2011-10-24,2.5229,138,-91.3092,8.6908
2011-10-25,2.8019,139,-90.3482,9.6518
2011-10-26,2.7775,140,-90.4323,9.5677
2011-10-27,3.0454,141,-89.5094,10.4906
2011-10-28,3.1796,142,-89.0470,10.9530
2011-10-29,3.5692,143,-87.7051,12.2949
2011-10-30,3.2574,144,-88.7792,11.2208
2011-10-31,3.2651,145,-88.7526,11.2474
2011-11-01,3.1710,146,-89.0768,10.9232
2011-11-02,3.2558,147,-88.7847,11.2153
2011-11-03,3.1683,148,-89.0860,10.9140
2011-11-04,3.1201,149,-89.2521,10.7479
2011-11-05,2.9778,150,-89.7422,10.2578
2011-11-06,2.9627,151,-89.7943,10.2057
2011-11-07,3.0178,152,-89.6047,10.3953
2011-11-08,3.0566,153,-89.4710,10.5290
2011-11-09,2.9196,154,-89.9429,10.0571
2011-11-10,2.8567,155,-90.1595,9.8405
2011-11-11,3.0679,156,-89.4321,10.5679
2011-11-12,3.0255,157,-89.5779,10.4221
2011-11-13,2.9864,158,-89.7128,10.2872
2011-11-14,2.2242,159,-92.3382,7.6618
2011-11-15,2.3224,160,-92.0000,8.0000
2011-11-16,2.5468,161,-91.2270,8.7730
2011-11-17,2.2791,162,-92.1491,7.8509
2011-11-18,2.1051,163,-92.7486,7.2514
2011-11-19,2.2035,164,-92.4097,7.5903
2011-11-20,2.2020,165,-92.4148,7.5852
2011-11-21,2.2799,166,-92.1465,7.8535
2011-11-22,2.3225,167,-91.9998,8.0002
2011-11-23,2.3303,168,-91.9727,8.0273
2011-11-24,2.4389,169,-91.5987,8.4013
2011-11-25,2.4962,170,-91.4014,8.5986
2011-11-26,2.4718,171,-91.4853,8.5147
2011-11-27,2.4776,172,-91.4655,8.5345
2011-11-28,2.5412,173,-91.2461,8.7539
2011-11-29,2.7577,174,-90.5005,9.4995
2011-11-30,2.9660,175,-89.7828,10.2172
2011-12-01,3.0826,176,-89.3813,10.6187
2011-12-02,3.1004,177,-89.3200,10.6800
2011-12-03,2.8039,178,-90.3415,9.6585
2011-12-04,2.8197,179,-90.2869,9.7131
2011-12-05,2.8748,180,-90.0971,9.9029
2011-12-06,3.0254,181,-89.5785,10.4215
2011-12-07,2.9855,182,-89.7158,10.2842
2011-12-08,2.9919,183,-89.6938,10.3062
2011-12-09,2.9558,184,-89.8181,10.1819
2011-12-10,3.0690,185,-89.4282,10.5718
2011-12-11,3.2493,186,-88.8072,11.1928
2011-12-12,3.1873,187,-89.0205,10.9795
2011-12-13,3.2411,188,-88.8354,11.1646
2011-12-14,3.1551,189,-89.1316,10.8684
2011-12-15,3.2031,190,-88.9661,11.0339
2011-12-16,3.2091,191,-88.9454,11.0546
2011-12-17,3.1925,192,-89.0026,10.9974
2011-12-18,3.1940,193,-88.9975,11.0025
2011-12-19,3.5258,194,-87.8547,12.1453
2011-12-20,3.9526,195,-86.3846,13.6154
2011-12-21,3.8890,196,-86.6035,13.3965
2011-12-22,3.9031,197,-86.5550,13.4450
2011-12-23,3.9380,198,-86.4348,13.5652
2011-12-24,3.9394,199,-86.4298,13.5702
2011-12-25,4.2339,200,-85.4155,14.5845
2011-12-26,3.9991,201,-86.2241,13.7759
2011-12-27,4.0955,202,-85.8921,14.1079
2011-12-28,4.2073,203,-85.5070,14.4930
2011-12-29,4.1734,204,-85.6240,14.3760
2011-12-30,4.3106,205,-85.1511,14.8489
2011-12-31,4.7143,206,-83.7605,16.2395
2012-01-01,5.2948,207,-81.7607,18.2393
2012-01-02,5.2049,208,-82.0706,17.9294
2012-01-03,4.8705,209,-83.2225,16.7775
2012-01-04,5.5857,210,-80.7588,19.2412
2012-01-05,6.8740,211,-76.3210,23.6790
2012-01-06,6.6833,212,-76.9778,23.0222
2012-01-07,6.7962,213,-76.5889,23.4111
2012-01-08,7.0967,214,-75.5540,24.4460
2012-01-09,6.2885,215,-78.3377,21.6623
2012-01-10,6.5285,216,-77.5112,22.4888
2012-01-11,6.8891,217,-76.2689,23.7311
2012-01-12,6.7736,218,-76.6670,23.3330
2012-01-13,6.4544,219,-77.7665,22.2335
2012-01-14,6.7617,220,-76.7077,23.2923
2012-01-15,7.0469,221,-75.7253,24.2747
2012-01-16,6.7156,222,-76.8666,23.1334
2012-01-17,5.5996,223,-80.7109,19.2891
2012-01-18,5.9002,224,-79.6753,20.3247
2012-01-19,6.3157,225,-78.2441,21.7559
2012-01-20,6.5015,226,-77.6042,22.3958
2012-01-21,6.1806,227,-78.7097,21.2903
2012-01-22,6.3030,228,-78.2880,21.7120
2012-01-23,6.3749,229,-78.0403,21.9597
2012-01-24,6.2745,230,-78.3862,21.6138
2012-01-25,5.8105,231,-79.9846,20.0154
2012-01-26,5.3672,232,-81.5114,18.4886
2012-01-27,5.3031,233,-81.7322,18.2678
2012-01-28,5.6598,234,-80.5036,19.4964
2012-01-29,5.3914,235,-81.4280,18.5720
2012-01-30,5.5035,236,-81.0420,18.9580
2012-01-31,5.5382,237,-80.9224,19.0776
2012-02-01,6.0752,238,-79.0725,20.9275
2012-02-02,6.0996,239,-78.9887,21.0113
2012-02-03,5.9516,240,-79.4984,20.5016
2012-02-04,5.8954,241,-79.6919,20.3081
2012-02-05,5.6781,242,-80.4405,19.5595
2012-02-06,5.4827,243,-81.1137,18.8863
2012-02-07,5.6620,244,-80.4959,19.5041
2012-02-08,5.6185,245,-80.6457,19.3543
2012-02-09,5.8357,246,-79.8976,20.1024
2012-02-10,5.9378,247,-79.5458,20.4542
2012-02-11,5.6121,248,-80.6678,19.3322
2012-02-12,5.5191,249,-80.9882,19.0118
2012-02-13,5.3484,250,-81.5764,18.4236
2012-02-14,4.4837,251,-84.5551,15.4449
2012-02-15,4.3255,252,-85.0998,14.9002
2012-02-16,4.2552,253,-85.3419,14.6581
2012-02-17,4.3915,254,-84.8724,15.1276
2012-02-18,4.2701,255,-85.2908,14.7092
2012-02-19,4.3896,256,-84.8792,15.1208
2012-02-20,4.3651,257,-84.9633,15.0367
2012-02-21,4.3151,258,-85.1356,14.8644
2012-02-22,4.4193,259,-84.7767,15.2233
2012-02-23,5.0395,260,-82.6403,17.3597
2012-02-24,5.0256,261,-82.6882,17.3118
2012-02-25,4.7726,262,-83.5598,16.4402
2012-02-26,4.9264,263,-83.0299,16.9701
2012-02-27,4.9525,264,-82.9400,17.0600
2012-02-28,4.8573,265,-83.2681,16.7319
2012-02-29,4.8727,266,-83.2147,16.7853
2012-03-01,4.9221,267,-83.0448,16.9552
2012-03-02,4.7148,268,-83.7587,16.2413
2012-03-03,4.6282,269,-84.0572,15.9428
2012-03-04,4.8341,270,-83.3477,16.6523
2012-03-05,4.9824,271,-82.8370,17.1630
2012-03-06,4.9878,272,-82.8183,17.1817
2012-03-07,4.9491,273,-82.9517,17.0483
2012-03-08,4.9350,274,-83.0004,16.9996
2012-03-09,4.8723,275,-83.2163,16.7837
2012-03-10,4.8414,276,-83.3226,16.6774
2012-03-11,4.8920,277,-83.1483,16.8517
2012-03-12,4.9108,278,-83.0835,16.9165
2012-03-13,5.2909,279,-81.7744,18.2256
2012-03-14,5.3905,280,-81.4311,18.5689
2012-03-15,5.3408,281,-81.6024,18.3976
2012-03-16,5.3396,282,-81.6067,18.3933
2012-03-17,5.2360,283,-81.9634,18.0366
2012-03-18,5.2701,284,-81.8458,18.1542
2012-03-19,4.6787,285,-83.8833,16.1167
2012-03-20,4.8308,286,-83.3591,16.6409
2012-03-21,4.8172,287,-83.4060,16.5940
2012-03-22,4.7296,288,-83.7078,16.2922
2012-03-23,4.6916,289,-83.8386,16.1614
2012-03-24,4.6520,290,-83.9752,16.0248
2012-03-25,4.5523,291,-84.3187,15.6813
2012-03-26,4.6327,292,-84.0416,15.9584
2012-03-27,4.8113,293,-83.4263,16.5737
2012-03-28,4.7906,294,-83.4978,16.5022
2012-03-29,4.7941,295,-83.4858,16.5142
2012-03-30,4.8614,296,-83.2538,16.7462
2012-03-31,4.8898,297,-83.1561,16.8439
2012-04-01,4.7933,298,-83.4883,16.5117
2012-04-02,4.9830,299,-82.8348,17.1652
2012-04-03,4.9562,300,-82.9272,17.0728
2012-04-04,4.9178,301,-83.0594,16.9406
2012-04-05,4.9208,302,-83.0490,16.9510
2012-04-06,4.9491,303,-82.9517,17.0483
2012-04-07,4.7097,304,-83.7764,16.2236
2012-04-08,4.7788,305,-83.5383,16.4617
2012-04-09,4.8525,306,-83.2843,16.7157
2012-04-10,4.8414,307,-83.3227,16.6773
2012-04-11,4.9153,308,-83.0683,16.9317
2012-04-12,4.9012,309,-83.1169,16.8831
2012-04-13,4.9344,310,-83.0023,16.9977
2012-04-14,4.9564,311,-82.9267,17.0733
2012-04-15,4.9616,312,-82.9087,17.0913
2012-04-16,4.9508,313,-82.9460,17.0540
2012-04-17,4.9687,314,-82.8841,17.1159
2012-04-18,5.1244,315,-82.3479,17.6521
2012-04-19,5.1309,316,-82.3255,17.6745
2012-04-20,5.3665,317,-81.5138,18.4862
2012-04-21,5.2826,318,-81.8031,18.1969
2012-04-22,5.1956,319,-82.1026,17.8974
2012-04-23,5.1109,320,-82.3944,17.6056
2012-04-24,5.0879,321,-82.4737,17.5263
2012-04-25,5.1488,322,-82.2638,17.7362
2012-04-26,5.0974,323,-82.4408,17.5592
2012-04-27,5.0959,324,-82.4461,17.5539
2012-04-28,4.9707,325,-82.8772,17.1228
2012-04-29,4.9026,326,-83.1119,16.8881
2012-04-30,4.9421,327,-82.9758,17.0242
2012-05-01,4.9871,328,-82.8207,17.1793
2012-05-02,5.0534,329,-82.5923,17.4077
2012-05-03,5.1189,330,-82.3669,17.6331
2012-05-04,5.0855,331,-82.4818,17.5182
2012-05-05,5.0566,332,-82.5813,17.4187
2012-05-06,5.0478,333,-82.6117,17.3883
2012-05-07,5.0676,334,-82.5437,17.4563
2012-05-08,5.0235,335,-82.6956,17.3044
2012-05-09,5.0413,336,-82.6341,17.3659
2012-05-10,4.9275,337,-83.0262,16.9738
2012-05-11,4.9637,338,-82.9014,17.0986
2012-05-12,4.9465,339,-82.9606,17.0394
2012-05-13,4.9448,340,-82.9666,17.0334
2012-05-14,5.0114,341,-82.7370,17.2630
2012-05-15,5.0336,342,-82.6605,17.3395
2012-05-16,5.0878,343,-82.4740,17.5260
2012-05-17,5.0897,344,-82.4675,17.5325
2012-05-18,5.1183,345,-82.3689,17.6311
2012-05-19,5.1125,346,-82.3887,17.6113
2012-05-20,5.0942,347,-82.4519,17.5481
2012-05-21,5.0942,348,-82.4518,17.5482
2012-05-22,5.0891,349,-82.4693,17.5307
2012-05-23,5.1289,350,-82.3325,17.6675
2012-05-24,5.1192,351,-82.3659,17.6341
2012-05-25,5.1373,352,-82.3035,17.6965
2012-05-26,5.1040,353,-82.4182,17.5818
2012-05-27,5.1346,354,-82.3127,17.6873
2012-05-28,5.1363,355,-82.3068,17.6932
2012-05-29,5.1485,356,-82.2650,17.7350
2012-05-30,5.1383,357,-82.3001,17.6999
2012-05-31,5.1816,358,-82.1507,17.8493
2012-06-01,5.2669,359,-81.8568,18.1432
2012-06-02,5.2436,360,-81.9371,18.0629
2012-06-03,5.2127,361,-82.0437,17.9563
2012-06-04,5.2588,362,-81.8850,18.1150
2012-06-05,5.4260,363,-81.3089,18.6911
2012-06-06,5.4462,364,-81.2395,18.7605
2012-06-07,5.5872,365,-80.7538,19.2462
2012-06-08,5.6225,366,-80.6320,19.3680
2012-06-09,5.5570,367,-80.8577,19.1423
2012-06-10,5.4579,368,-81.1991,18.8009
2012-06-11,5.5870,369,-80.7544,19.2456
2012-06-12,5.7275,370,-80.2704,19.7296
2012-06-13,5.9093,371,-79.6441,20.3559
2012-06-14,5.9620,372,-79.4625,20.5375
2012-06-15,6.5234,373,-77.5288,22.4712
2012-06-16,6.4442,374,-77.8017,22.1983
2012-06-17,6.2000,375,-78.6428,21.3572
2012-06-18,6.3108,376,-78.2609,21.7391
2012-06-19,6.4948,377,-77.6271,22.3729
2012-06-20,6.6936,378,-76.9426,23.0574
2012-06-21,6.6723,379,-77.0159,22.9841
2012-06-22,6.5638,380,-77.3897,22.6103
2012-06-23,6.4475,381,-77.7900,22.2100
2012-06-24,6.3505,382,-78.1243,21.8757
2012-06-25,6.3175,383,-78.2381,21.7619
2012-06-26,6.4329,384,-77.8406,22.1594
2012-06-27,6.6157,385,-77.2107,22.7893
2012-06-28,6.5901,386,-77.2991,22.7009
2012-06-29,6.6588,387,-77.0624,22.9376
2012-06-30,6.6804,388,-76.9878,23.0122
2012-07-01,6.6269,389,-77.1723,22.8277
2012-07-02,6.7435,390,-76.7706,23.2294
2012-07-03,6.4500,391,-77.7816,22.2184
2012-07-04,6.5148,392,-77.5582,22.4418
2012-07-05,6.6424,393,-77.1188,22.8812
2012-07-06,6.6722,394,-77.0162,22.9838
2012-07-07,6.8083,395,-76.5474,23.4526
2012-07-08,6.7963,396,-76.5886,23.4114
2012-07-09,7.0324,397,-75.7754,24.2246
2012-07-10,7.1786,398,-75.2718,24.7282
2012-07-11,7.1851,399,-75.2492,24.7508
2012-07-12,7.5559,400,-73.9719,26.0281
2012-07-13,7.6309,401,-73.7136,26.2864
2012-07-14,7.5801,402,-73.8886,26.1114
2012-07-15,7.6272,403,-73.7263,26.2737
2012-07-16,8.4934,404,-70.7426,29.2574
2012-07-17,8.7520,405,-69.8518,30.1482
2012-07-18,9.0952,406,-68.6696,31.3304
2012-07-19,8.8795,407,-69.4125,30.5875
2012-07-20,8.5325,408,-70.6081,29.3919
2012-07-21,8.8756,409,-69.4259,30.5741
2012-07-22,8.5066,410,-70.6973,29.3027
2012-07-23,8.5312,411,-70.6124,29.3876
2012-07-24,8.5746,412,-70.4629,29.5371
2012-07-25,8.7693,413,-69.7920,30.2080
2012-07-26,8.8758,414,-69.4255,30.5745
2012-07-27,8.8915,415,-69.3714,30.6286
2012-07-28,8.8426,416,-69.5398,30.4602
2012-07-29,8.7477,417,-69.8667,30.1333
2012-07-30,9.0883,418,-68.6933,31.3067
2012-07-31,9.3210,419,-67.8918,32.1082
2012-08-01,9.5680,420,-67.0408,32.9592
2012-08-02,10.5510,421,-63.6546,36.3454
2012-08-03,10.9159,422,-62.3979,37.6021
2012-08-04,10.9197,423,-62.3846,37.6154
2012-08-05,10.8051,424,-62.7794,37.2206
2012-08-06,10.8694,425,-62.5578,37.4422
2012-08-07,10.9413,426,-62.3103,37.6897
2012-08-08,11.0704,427,-61.8656,38.1344
2012-08-09,11.1037,428,-61.7508,38.2492
2012-08-10,11.4476,429,-60.5663,39.4337
2012-08-11,11.5425,430,-60.2392,39.7608
2012-08-12,11.5926,431,-60.0669,39.9331
2012-08-13,11.9850,432,-58.7151,41.2849
2012-08-14,12.1871,433,-58.0188,41.9812
2012-08-15,13.1701,434,-54.6327,45.3673
2012-08-16,13.4508,435,-53.6658,46.3342
2012-08-17,12.0770,436,-58.3981,41.6019
2012-08-18,11.5775,437,-60.1187,39.8813
2012-08-19,7.8306,438,-73.0257,26.9743
2012-08-20,9.9799,439,-65.6221,34.3779
2012-08-21,9.9030,440,-65.8870,34.1130
2012-08-22,9.7726,441,-66.3363,33.6637
2012-08-23,10.0887,442,-65.2474,34.7526
2012-08-24,10.5940,443,-63.5065,36.4935
2012-08-25,10.5837,444,-63.5422,36.4578
2012-08-26,10.5455,445,-63.6736,36.3264
2012-08-27,10.9004,446,-62.4512,37.5488
2012-08-28,10.9330,447,-62.3390,37.6610
2012-08-29,10.8678,448,-62.5635,37.4365
2012-08-30,10.7277,449,-63.0459,36.9541
2012-08-31,10.1024,450,-65.2000,34.8000
2012-09-01,10.0065,451,-65.5303,34.4697
2012-09-02,10.2261,452,-64.7739,35.2261
2012-09-03,10.4971,453,-63.8403,36.1597
2012-09-04,10.3640,454,-64.2989,35.7011
2012-09-05,11.0255,455,-62.0201,37.9799
2012-09-06,11.1608,456,-61.5543,38.4457
2012-09-07,11.0761,457,-61.8458,38.1542
2012-09-08,11.0433,458,-61.9590,38.0410
2012-09-09,11.0621,459,-61.8942,38.1058
2012-09-10,11.1253,460,-61.6765,38.3235
2012-09-11,11.2681,461,-61.1846,38.8154
2012-09-12,11.3153,462,-61.0220,38.9780
2012-09-13,11.3803,463,-60.7980,39.2020
2012-09-14,11.7301,464,-59.5930,40.4070
2012-09-15,11.7184,465,-59.6334,40.3666
2012-09-16,11.8869,466,-59.0529,40.9471
2012-09-17,11.9083,467,-58.9792,41.0208
2012-09-18,12.2597,468,-57.7689,42.2311
2012-09-19,12.5049,469,-56.9243,43.0757
2012-09-20,12.3672,470,-57.3985,42.6015
2012-09-21,12.3337,471,-57.5140,42.4860
2012-09-22,12.2137,472,-57.9271,42.0729
2012-09-23,12.1655,473,-58.0934,41.9066
2012-09-24,12.1136,474,-58.2721,41.7279
2012-09-25,12.1824,475,-58.0350,41.9650
2012-09-26,12.3198,476,-57.5617,42.4383
2012-09-27,12.3188,477,-57.5653,42.4347
2012-09-28,12.3815,478,-57.3493,42.6507
2012-09-29,12.4048,479,-57.2691,42.7309
2012-09-30,12.3916,480,-57.3143,42.6857
2012-10-01,12.3894,481,-57.3220,42.6780
2012-10-02,12.8072,482,-55.8826,44.1174
2012-10-03,12.9554,483,-55.3721,44.6279
2012-10-04,12.8624,484,-55.6927,44.3073
2012-10-05,12.7522,485,-56.0722,43.9278
2012-10-06,12.5051,486,-56.9233,43.0767
2012-10-07,11.8740,487,-59.0974,40.9026
2012-10-08,11.7333,488,-59.5819,40.4181
2012-10-09,11.8287,489,-59.2535,40.7465
2012-10-10,12.1092,490,-58.2872,41.7128
2012-10-11,12.0676,491,-58.4306,41.5694
2012-10-12,12.0281,492,-58.5667,41.4333
2012-10-13,11.9268,493,-58.9155,41.0845
2012-10-14,11.6506,494,-59.8670,40.1330
2012-10-15,11.9083,495,-58.9792,41.0208
2012-10-16,11.8480,496,-59.1869,40.8131
2012-10-17,11.9194,497,-58.9410,41.0590
2012-10-18,11.9259,498,-58.9185,41.0815
2012-10-19,11.7575,499,-59.4987,40.5013
2012-10-20,11.6944,500,-59.7161,40.2839
2012-10-21,11.6574,501,-59.8435,40.1565
2012-10-22,11.7411,502,-59.5553,40.4447
2012-10-23,11.7078,503,-59.6700,40.3300
2012-10-24,11.6344,504,-59.9229,40.0771
2012-10-25,10.7536,505,-62.9567,37.0433
2012-10-26,10.1306,506,-65.1028,34.8972
2012-10-27,10.4582,507,-63.9745,36.0255
2012-10-28,10.7100,508,-63.1072,36.8928
2012-10-29,10.6307,509,-63.3801,36.6199
2012-10-30,10.8593,510,-62.5927,37.4073
2012-10-31,11.1461,511,-61.6049,38.3951
2012-11-01,10.6135,512,-63.4393,36.5607
2012-11-02,10.5305,513,-63.7253,36.2747
2012-11-03,10.6507,514,-63.3111,36.6889
2012-11-04,10.7969,515,-62.8077,37.1923
2012-11-05,10.7408,516,-63.0009,36.9991
2012-11-06,10.8682,517,-62.5621,37.4379
2012-11-07,10.9541,518,-62.2662,37.7338
2012-11-08,10.8927,519,-62.4777,37.5223
2012-11-09,10.8159,520,-62.7423,37.2577
2012-11-10,10.8633,521,-62.5791,37.4209
2012-11-11,10.8418,522,-62.6529,37.3471
2012-11-12,11.0313,523,-62.0001,37.9999
2012-11-13,10.9980,524,-62.1149,37.8851
2012-11-14,10.9590,525,-62.2495,37.7505
2012-11-15,11.1751,526,-61.5049,38.4951
2012-11-16,11.7050,527,-59.6794,40.3206
2012-11-17,11.7500,528,-59.5244,40.4756
2012-11-18,11.6656,529,-59.8151,40.1849
2012-11-19,11.7505,530,-59.5227,40.4773
2012-11-20,11.6992,531,-59.6996,40.3004
2012-11-21,11.7291,532,-59.5964,40.4036
2012-11-22,12.2920,533,-57.6575,42.3425
2012-11-23,12.2803,534,-57.6978,42.3022
2012-11-24,12.4132,535,-57.2400,42.7600
2012-11-25,12.5297,536,-56.8387,43.1613
2012-11-26,12.1846,537,-58.0274,41.9726
2012-11-27,12.1593,538,-58.1147,41.8853
2012-11-28,12.3317,539,-57.5209,42.4791
2012-11-29,12.4977,540,-56.9490,43.0510
2012-11-30,12.5861,541,-56.6443,43.3557
2012-12-01,12.5924,542,-56.6227,43.3773
2012-12-02,12.4979,543,-56.9481,43.0519
2012-12-03,12.6570,544,-56.4003,43.5997
2012-12-04,13.3696,545,-53.9455,46.0545
2012-12-05,13.3128,546,-54.1413,45.8587
2012-12-06,13.4779,547,-53.5723,46.4277
2012-12-07,13.4773,548,-53.5745,46.4255
2012-12-08,13.5000,549,-53.4963,46.5037
2012-12-09,13.3465,550,-54.0250,45.9750
2012-12-10,13.4923,551,-53.5229,46.4771
2012-12-11,13.6154,552,-53.0987,46.9013
2012-12-12,13.6682,553,-52.9168,47.0832
2012-12-13,13.7553,554,-52.6170,47.3830
2012-12-14,13.6009,555,-53.1486,46.8514
2012-12-15,13.5309,556,-53.3896,46.6104
2012-12-16,13.3329,557,-54.0720,45.9280
2012-12-17,13.3201,558,-54.1161,45.8839
2012-12-18,13.2720,559,-54.2815,45.7185
2012-12-19,13.5385,560,-53.3635,46.6365
2012-12-20,13.5700,561,-53.2550,46.7450
2012-12-21,13.4290,562,-53.7409,46.2591
2012-12-22,13.4272,563,-53.7470,46.2530
2012-12-23,13.3181,564,-54.1228,45.8772
2012-12-24,13.4267,565,-53.7489,46.2511
2012-12-25,13.3656,566,-53.9593,46.0407
2012-12-26,13.4547,567,-53.6523,46.3477
2012-12-27,13.3993,568,-53.8431,46.1569
2012-12-28,13.4555,569,-53.6495,46.3505
2012-12-29,13.3740,570,-53.9303,46.0697
2012-12-30,13.4450,571,-53.6857,46.3143
2012-12-31,13.5456,572,-53.3393,46.6607
2013-01-01,13.3314,573,-54.0771,45.9229
2013-01-02,13.2806,574,-54.2520,45.7480
2013-01-03,13.3841,575,-53.8956,46.1044
2013-01-04,13.4517,576,-53.6626,46.3374
2013-01-05,13.4594,577,-53.6361,46.3639
2013-01-06,13.5045,578,-53.4808,46.5192
2013-01-07,13.5561,579,-53.3031,46.6969
2013-01-08,13.7804,580,-52.5305,47.4695
2013-01-09,13.8210,581,-52.3907,47.6093
2013-01-10,14.1232,582,-51.3496,48.6504
2013-01-11,14.2276,583,-50.9898,49.0102
2013-01-12,14.2143,584,-51.0357,48.9643
2013-01-13,14.1608,585,-51.2200,48.7800
2013-01-14,14.3180,586,-50.6786,49.3214
2013-01-15,14.3136,587,-50.6935,49.3065
2013-01-16,14.7078,588,-49.3357,50.6643
2013-01-17,15.5986,589,-46.2672,53.7328
2013-01-18,15.7158,590,-45.8635,54.1365
2013-01-19,15.5881,591,-46.3032,53.6968
2013-01-20,15.7196,592,-45.8504,54.1496
2013-01-21,16.7810,593,-42.1941,57.8059
2013-01-22,17.3002,594,-40.4057,59.5943
2013-01-23,17.5364,595,-39.5920,60.4080
2013-01-24,16.9011,596,-41.7805,58.2195
2013-01-25,17.4072,597,-40.0370,59.9630
2013-01-26,17.5536,598,-39.5326,60.4674
2013-01-27,17.8646,599,-38.4613,61.5387
2013-01-28,18.7943,600,-35.2590,64.7410
2013-01-29,19.5147,601,-32.7772,67.2228
2013-01-30,19.7374,602,-32.0100,67.9900
2013-01-31,20.5116,603,-29.3431,70.6569
2013-02-01,20.4431,604,-29.5792,70.4208
2013-02-02,19.6359,605,-32.3598,67.6402
2013-02-03,20.5789,606,-29.1113,70.8887
2013-02-04,20.4405,607,-29.5882,70.4118
2013-02-05,20.6593,608,-28.8343,71.1657
2013-02-06,21.2086,609,-26.9424,73.0576
2013-02-07,22.1178,610,-23.8105,76.1895
2013-02-08,22.7874,611,-21.5039,78.4961
2013-02-09,23.7339,612,-18.2435,81.7565
2013-02-10,23.9003,613,-17.6702,82.3298
2013-02-11,24.4973,614,-15.6137,84.3863
2013-02-12,24.9797,615,-13.9518,86.0482
2013-02-13,24.6417,616,-15.1164,84.8836
2013-02-14,27.2824,617,-6.0198,93.9802
2013-02-15,27.1713,618,-6.4025,93.5975
2013-02-16,27.3462,619,-5.8001,94.1999
2013-02-17,26.9273,620,-7.2431,92.7569
2013-02-18,26.9289,621,-7.2375,92.7625
2013-02-19,29.4136,622,1.3218,101.3218
2013-02-20,29.8198,623,2.7209,102.7209
2013-02-21,29.8181,624,2.7149,102.7149
2013-02-22,30.4727,625,4.9698,104.9698
2013-02-23,29.8065,626,2.6749,102.6749
2013-02-24,29.8828,627,2.9381,102.9381
2013-02-25,30.3520,628,4.5543,104.5543
2013-02-26,31.1555,629,7.3222,107.3222
2013-02-27,31.2403,630,7.6140,107.6140
2013-02-28,33.3753,631,14.9686,114.9686
2013-03-01,34.6063,632,19.2089,119.2089
2013-03-02,34.1435,633,17.6149,117.6149
2013-03-03,34.4517,634,18.6767,118.6767
2013-03-04,36.3763,635,25.3061,125.3061
2013-03-05,40.6730,636,40.1070,140.1070
2013-03-06,43.2850,637,49.1048,149.1048
2013-03-07,41.9474,638,44.4973,144.4973
2013-03-08,43.9029,639,51.2334,151.2334
2013-03-09,46.8886,640,61.5181,161.5181
2013-03-10,46.0660,641,58.6847,158.6847
2013-03-11,48.2751,642,66.2942,166.2942
2013-03-12,44.4135,643,52.9923,152.9923
2013-03-13,47.0162,644,61.9577,161.9577
2013-03-14,46.9256,645,61.6455,161.6455
2013-03-15,46.9025,646,61.5661,161.5661
2013-03-16,47.1570,647,62.4428,162.4428
2013-03-17,47.3335,648,63.0507,163.0507
2013-03-18,51.3654,649,76.9396,176.9396
2013-03-19,59.4986,650,104.9561,204.9561
2013-03-20,63.6875,651,119.3857,219.3857
2013-03-21,70.9175,652,144.2911,244.2911
2013-03-22,69.8461,653,140.6003,240.6003
2013-03-23,64.3831,654,121.7819,221.7819
2013-03-24,71.6904,655,146.9536,246.9536
2013-03-25,74.3141,656,155.9914,255.9914
2013-03-26,78.6142,657,170.8040,270.8040
2013-03-27,88.8521,658,206.0707,306.0707
2013-03-28,87.6732,659,202.0097,302.0097
2013-03-29,90.2957,660,211.0436,311.0436
2013-03-30,92.1900,661,217.5688,317.5688
2013-03-31,93.8992,662,223.4567,323.4567
2013-04-01,103.5803,663,256.8055,356.8055
2013-04-02,116.6799,664,301.9299,401.9299
2013-04-03,131.3848,665,352.5841,452.5841
2013-04-04,133.0071,666,358.1725,458.1725
2013-04-05,142.6261,667,391.3071,491.3071
2013-04-06,143.0818,668,392.8771,492.8771
2013-04-07,162.8522,669,460.9806,560.9806
2013-04-08,186.3512,670,541.9279,641.9279
2013-04-09,230.6830,671,694.6387,794.6387
2013-04-10,161.1929,672,455.2646,555.2646
2013-04-11,82.9016,673,185.5729,285.5729
2013-04-12,111.4764,674,284.0051,384.0051
2013-04-13,97.6091,675,236.2361,336.2361
2013-04-14,88.8615,676,206.1031,306.1031
2013-04-15,80.8747,677,178.5908,278.5908
2013-04-16,68.2831,678,135.2164,235.2164
2013-04-17,92.8640,679,219.8908,319.8908
2013-04-18,108.6283,680,274.1944,374.1944
2013-04-19,119.0123,681,309.9642,409.9642
2013-04-20,128.2083,682,341.6419,441.6419
2013-04-21,118.4832,683,308.1418,408.1418
2013-04-22,126.3143,684,335.1175,435.1175
2013-04-23,142.1272,685,389.5887,489.5887
2013-04-24,154.1333,686,430.9462,530.9462
2013-04-25,141.0087,687,385.7356,485.7356
2013-04-26,137.2096,688,372.6489,472.6489
2013-04-27,128.2267,689,341.7052,441.7052
2013-04-28,134.6236,690,363.7407,463.7407
2013-04-29,143.8104,691,395.3867,495.3867
2013-04-30,139.1296,692,379.2629,479.2629
2013-05-01,116.1138,693,299.9797,399.9797
2013-05-02,106.3410,694,266.3151,366.3151
2013-05-03,96.3168,695,231.7847,331.7847
2013-05-04,112.4976,696,287.5230,387.5230
2013-05-05,116.4887,697,301.2712,401.2712
2013-05-06,112.1186,698,286.2174,386.2174
2013-05-07,111.6092,699,284.4627,384.4627
2013-05-08,113.1361,700,289.7222,389.7222
2013-05-09,111.9745,701,285.7211,385.7211
2013-05-10,117.6910,702,305.4129,405.4129
2013-05-11,115.4998,703,297.8646,397.8646
2013-05-12,114.8857,704,295.7492,395.7492
2013-05-13,117.4045,705,304.4257,404.4257
2013-05-14,107.8656,706,271.5669,371.5669
2013-05-15,108.9869,707,275.4294,375.4294
2013-05-16,112.9179,708,288.9707,388.9707
2013-05-17,117.2846,709,304.0129,404.0129
2013-05-18,118.1699,710,307.0623,407.0623
2013-05-19,117.0339,711,303.1491,403.1491
2013-05-20,117.8186,712,305.8524,405.8524
2013-05-21,117.2520,713,303.9006,403.9006
2013-05-22,118.9782,714,309.8467,409.8467
2013-05-23,123.7262,715,326.2022,426.2022
2013-05-24,128.9711,716,344.2695,444.2695
2013-05-25,128.8449,717,343.8349,443.8349
2013-05-26,130.1586,718,348.3602,448.3602
2013-05-27,126.3929,719,335.3884,435.3884
2013-05-28,125.9046,720,333.7063,433.7063
2013-05-29,129.5648,721,346.3147,446.3147
2013-05-30,126.5131,722,335.8023,435.8023
2013-05-31,127.8165,723,340.2922,440.2922
2013-06-01,128.7912,724,343.6497,443.6497
2013-06-02,122.6267,725,322.4149,422.4149
2013-06-03,122.9492,726,323.5257,423.5257
2013-06-04,120.1900,727,314.0210,414.0210
2013-06-05,120.8699,728,316.3632,416.3632
2013-06-06,119.0540,729,310.1078,410.1078
2013-06-07,110.1977,730,279.6005,379.6005
2013-06-08,109.1785,731,276.0897,376.0897
2013-06-09,99.9036,732,244.1401,344.1401
2013-06-10,104.3576,733,259.4828,359.4828
2013-06-11,107.5075,734,270.3335,370.3335
2013-06-12,106.3781,735,266.4430,366.4430
2013-06-13,101.3239,736,249.0326,349.0326
2013-06-14,99.2132,737,241.7620,341.7620
2013-06-15,99.8750,738,244.0417,344.0417
2013-06-16,99.0384,739,241.1596,341.1596
2013-06-17,100.1263,740,244.9073,344.9073
2013-06-18,104.2892,741,259.2472,359.2472
2013-06-19,104.4172,742,259.6880,359.6880
2013-06-20,104.3235,743,259.3654,359.3654
2013-06-21,101.4169,744,249.3528,349.3528
2013-06-22,100.0395,745,244.6083,344.6083
2013-06-23,100.3147,746,245.5564,345.5564
2013-06-24,99.0457,747,241.1848,341.1848
2013-06-25,97.8328,748,237.0067,337.0067
2013-06-26,98.6517,749,239.8277,339.8277
2013-06-27,96.8039,750,233.4627,333.4627
2013-06-28,89.4245,751,208.0425,308.0425
2013-06-29,88.7973,752,205.8820,305.8820
2013-06-30,89.4809,753,208.2368,308.2368
2013-07-01,82.8676,754,185.4557,285.4557
2013-07-02,87.8165,755,202.5033,302.5033
2013-07-03,77.6913,756,167.6250,267.6250
2013-07-04,79.1349,757,172.5976,272.5976
2013-07-05,67.4476,758,132.3383,232.3383
2013-07-06,66.3417,759,128.5286,228.5286
2013-07-07,72.1095,760,148.3972,248.3972
2013-07-08,73.9886,761,154.8700,254.8700
2013-07-09,74.8919,762,157.9818,257.9818
2013-07-10,85.0137,763,192.8485,292.8485
2013-07-11,87.4975,764,201.4047,301.4047
2013-07-12,90.0467,765,210.1858,310.1858
2013-07-13,91.5926,766,215.5110,315.5110
2013-07-14,89.8923,767,209.6539,309.6539
2013-07-15,93.7962,768,223.1016,323.1016
2013-07-16,91.7810,769,216.1601,316.1601
2013-07-17,91.0314,770,213.5777,313.5777
2013-07-18,84.9617,771,192.6695,292.6695
2013-07-19,86.2388,772,197.0686,297.0686
2013-07-20,84.9109,773,192.4943,292.4943
2013-07-21,85.6644,774,195.0898,295.0898
2013-07-22,85.6490,775,195.0371,295.0371
2013-07-23,86.9771,776,199.6118,299.6118
2013-07-24,88.1517,777,203.6582,303.6582
2013-07-25,90.1661,778,210.5971,310.5971
2013-07-26,89.9840,779,209.9698,309.9698
2013-07-27,88.1653,780,203.7048,303.7048
2013-07-28,92.7458,781,219.4836,319.4836
2013-07-29,93.2987,782,221.3880,321.3880
2013-07-30,96.6596,783,232.9653,332.9653
2013-07-31,98.0244,784,237.6668,337.6668
2013-08-01,96.5680,785,232.6499,332.6499
2013-08-02,96.0745,786,230.9500,330.9500
2013-08-03,95.5067,787,228.9940,328.9940
2013-08-04,96.3655,788,231.9523,331.9523
2013-08-05,97.5271,789,235.9538,335.9538
2013-08-06,97.6712,790,236.4501,336.4501
2013-08-07,97.0542,791,234.3247,334.3247
2013-08-08,94.2573,792,224.6901,324.6901
2013-08-09,92.4728,793,218.5430,318.5430
2013-08-10,93.2936,794,221.3703,321.3703
2013-08-11,94.2713,795,224.7384,324.7384
2013-08-12,95.4465,796,228.7865,328.7865
2013-08-13,97.7591,797,236.7528,336.7528
2013-08-14,99.1213,798,241.4453,341.4453
2013-08-15,98.1063,799,237.9490,337.9490
2013-08-16,98.2910,800,238.5850,338.5850
2013-08-17,99.6305,801,243.1994,343.1994
2013-08-18,99.1780,802,241.6407,341.6407
2013-08-19,102.7840,803,254.0623,354.0623
2013-08-20,104.5002,804,259.9741,359.9741
2013-08-21,110.8016,805,281.6807,381.6807
2013-08-22,109.5232,806,277.2770,377.2770
2013-08-23,107.6976,807,270.9882,370.9882
2013-08-24,108.8827,808,275.0705,375.0705
2013-08-25,113.0826,809,289.5380,389.5380
2013-08-26,112.1181,810,286.2157,386.2157
2013-08-27,117.7598,811,305.6497,405.6497
2013-08-28,118.3174,812,307.5706,407.5706
2013-08-29,118.8356,813,309.3557,409.3557
2013-08-30,124.8854,814,330.1954,430.1954
2013-08-31,128.3780,815,342.2264,442.2264
2013-09-01,130.5364,816,349.6615,449.6615
2013-09-02,129.5654,817,346.3166,446.3166
2013-09-03,129.1828,818,344.9988,444.9988
2013-09-04,122.5292,819,322.0791,422.0791
2013-09-05,122.3701,820,321.5309,421.5309
2013-09-06,117.8611,821,305.9988,405.9988
2013-09-07,119.8150,822,312.7293,412.7293
2013-09-08,118.0574,823,306.6748,406.6748
2013-09-09,121.2593,824,317.7044,417.7044
2013-09-10,122.2155,825,320.9985,420.9985
2013-09-11,127.0882,826,337.7836,437.7836
2013-09-12,126.7807,827,336.7243,436.7243
2013-09-13,127.4077,828,338.8842,438.8842
2013-09-14,124.3485,829,328.3459,428.3459
2013-09-15,125.0764,830,330.8535,430.8535
2013-09-16,126.2047,831,334.7400,434.7400
2013-09-17,126.8973,832,337.1257,437.1257
2013-09-18,126.9038,833,337.1483,437.1483
2013-09-19,124.1810,834,327.7688,427.7688
2013-09-20,122.9216,835,323.4308,423.4308
2013-09-21,123.5083,836,325.4516,425.4516
2013-09-22,123.1249,837,324.1311,424.1311
2013-09-23,122.8657,838,323.2381,423.2381
2013-09-24,123.7974,839,326.4474,426.4474
2013-09-25,123.6141,840,325.8161,425.8161
2013-09-26,124.6857,841,329.5074,429.5074
2013-09-27,126.6053,842,336.1202,436.1202
2013-09-28,126.7966,843,336.7788,436.7788
2013-09-29,127.1086,844,337.8538,437.8538
2013-09-30,126.0903,845,334.3459,434.3459
2013-10-01,127.5754,846,339.4618,439.4618
2013-10-02,104.1051,847,258.6131,358.6131
2013-10-03,117.5755,848,305.0149,405.0149
2013-10-04,121.9303,849,320.0161,420.0161
2013-10-05,121.3934,850,318.1665,418.1665
2013-10-06,122.4753,851,321.8932,421.8932
2013-10-07,123.9069,852,326.8247,426.8247
2013-10-08,124.7665,853,329.7860,429.7860
2013-10-09,125.9335,854,333.8059,433.8059
2013-10-10,126.7047,855,336.4623,436.4623
2013-10-11,127.2553,856,338.3591,438.3591
2013-10-12,127.8513,857,340.4120,440.4120
2013-10-13,132.4157,858,356.1351,456.1351
2013-10-14,135.3392,859,366.2059,466.2059
2013-10-15,141.4939,860,387.4071,487.4071
2013-10-16,138.3279,861,376.5012,476.5012
2013-10-17,143.7471,862,395.1689,495.1689
2013-10-18,152.7756,863,426.2693,526.2693
2013-10-19,165.7727,864,471.0409,571.0409
2013-10-20,166.5002,865,473.5467,573.5467
2013-10-21,179.9106,866,519.7420,619.7420
2013-10-22,190.4028,867,555.8846,655.8846
2013-10-23,204.6004,868,604.7913,704.7913
2013-10-24,194.4100,869,569.6885,669.6885
2013-10-25,185.6438,870,539.4912,639.4912
2013-10-26,179.8082,871,519.3893,619.3893
2013-10-27,194.5461,872,570.1573,670.1573
2013-10-28,196.2747,873,576.1117,676.1117
2013-10-29,204.4282,874,604.1982,704.1982
2013-10-30,197.9006,875,581.7125,681.7125
2013-10-31,203.2836,876,600.2556,700.2556
2013-11-01,203.0371,877,599.4063,699.4063
2013-11-02,204.7929,878,605.4545,705.4545
2013-11-03,210.2754,879,624.3402,724.3402
2013-11-04,228.7910,880,688.1215,788.1215
2013-11-05,243.6417,881,739.2777,839.2777
2013-11-06,263.2096,882,806.6838,906.6838
2013-11-07,290.1242,883,899.3972,999.3972
2013-11-08,333.7507,884,1049.6781,1149.6781
2013-11-09,331.0511,885,1040.3791,1140.3791
2013-11-10,327.5587,886,1028.3484,1128.3484
2013-11-11,342.6977,887,1080.4982,1180.4982
2013-11-12,354.6455,888,1121.6550,1221.6550
2013-11-13,394.5045,889,1258.9582,1358.9582
2013-11-14,416.7063,890,1335.4372,1435.4372
2013-11-15,408.3988,891,1306.8202,1406.8202
2013-11-16,435.7984,892,1401.2044,1501.2044
2013-11-17,485.3366,893,1571.8494,1671.8494
2013-11-18,657.7785,894,2165.8639,2265.8639
2013-11-19,546.8784,895,1783.8439,1883.8439
2013-11-20,595.3391,896,1950.7775,2050.7775
2013-11-21,720.7644,897,2382.8329,2482.8329
2013-11-22,802.9169,898,2665.8254,2765.8254
2013-11-23,834.2953,899,2773.9153,2873.9153
2013-11-24,807.1667,900,2680.4646,2780.4646
2013-11-25,816.2434,901,2711.7313,2811.7313
2013-11-26,916.0972,902,3055.6998,3155.6998
2013-11-27,962.9106,903,3216.9589,3316.9589
2013-11-28,1007.3872,904,3370.1684,3470.1684
2013-11-29,1128.7255,905,3788.1452,3888.1452
2013-11-30,1119.2967,906,3755.6657,3855.6657
2013-12-01,964.4858,907,3222.3851,3322.3851
2013-12-02,1040.8082,908,3485.2947,3585.2947
2013-12-03,1053.6210,909,3529.4312,3629.4312
2013-12-04,1134.9322,910,3809.5257,3909.5257
2013-12-05,1027.4118,911,3439.1476,3539.1476
2013-12-06,824.5817,912,2740.4545,2840.4545
2013-12-07,703.7484,913,2324.2173,2424.2173
2013-12-08,783.5733,914,2599.1921,2699.1921
2013-12-09,896.0793,915,2986.7438,3086.7438
2013-12-10,977.1654,916,3266.0627,3366.0627
2013-12-11,875.4640,917,2915.7300,3015.7300
2013-12-12,873.3248,918,2908.3609,3008.3609
2013-12-13,879.1561,919,2928.4482,3028.4482
2013-12-14,852.8561,920,2837.8520,2937.8520
2013-12-15,864.0617,921,2876.4519,2976.4519
2013-12-16,677.8941,922,2235.1565,2335.1565
2013-12-17,682.6268,923,2251.4593,2351.4593
2013-12-18,526.1210,924,1712.3403,1812.3403
2013-12-19,685.5251,925,2261.4433,2361.4433
2013-12-20,600.2170,926,1967.5804,2067.5804
2013-12-21,597.0335,927,1956.6143,2056.6143
2013-12-22,615.0130,928,2018.5487,2118.5487
2013-12-23,657.9266,929,2166.3742,2266.3742
2013-12-24,650.6647,930,2141.3590,2241.3590
2013-12-25,678.2902,931,2236.5208,2336.5208
2013-12-26,749.9966,932,2483.5295,2583.5295
2013-12-27,722.5706,933,2389.0545,2489.0545
2013-12-28,715.8524,934,2365.9122,2465.9122
2013-12-29,727.2712,935,2405.2469,2505.2469
2013-12-30,735.7420,936,2434.4264,2534.4264
2013-12-31,729.5576,937,2413.1228,2513.1228
2014-01-01,752.4045,938,2491.8243,2591.8243
2014-01-02,784.9549,939,2603.9513,2703.9513
2014-01-03,807.2229,940,2680.6584,2780.6584
2014-01-04,828.6021,941,2754.3035,2854.3035
2014-01-05,902.4874,942,3008.8179,3108.8179
2014-01-06,914.4600,943,3050.0601,3150.0601
2014-01-07,803.3518,944,2667.3234,2767.3234
2014-01-08,820.6900,945,2727.0487,2827.0487
2014-01-09,831.3348,946,2763.7169,2863.7169
2014-01-10,853.2989,947,2839.3771,2939.3771
2014-01-11,889.5558,948,2964.2723,3064.2723
2014-01-12,845.1913,949,2811.4489,2911.4489
2014-01-13,822.8770,950,2734.5823,2834.5823
2014-01-14,815.2936,951,2708.4596,2808.4596
2014-01-15,841.0899,952,2797.3205,2897.3205
2014-01-16,815.8548,953,2710.3927,2810.3927
2014-01-17,792.8295,954,2631.0770,2731.0770
2014-01-18,809.7835,955,2689.4789,2789.4789
2014-01-19,838.4285,956,2788.1528,2888.1528
2014-01-20,828.8852,957,2755.2789,2855.2789
2014-01-21,823.8180,958,2737.8236,2837.8236
2014-01-22,818.9764,959,2721.1457,2821.1457
2014-01-23,810.9224,960,2693.4021,2793.4021
2014-01-24,781.0425,961,2590.4741,2690.4741
2014-01-25,804.4032,962,2670.9453,2770.9453
2014-01-26,814.4994,963,2705.7237,2805.7237
2014-01-27,742.7014,964,2458.3995,2558.3995
2014-01-28,790.1764,965,2621.9378,2721.9378
2014-01-29,793.3844,966,2632.9885,2732.9885
2014-01-30,799.4745,967,2653.9671,2753.9671
2014-01-31,803.2376,968,2666.9300,2766.9300
2014-02-01,813.2195,969,2701.3150,2801.3150
2014-02-02,814.4909,970,2705.6944,2805.6944
2014-02-03,806.9974,971,2679.8816,2779.8816
2014-02-04,800.0782,972,2656.0468,2756.0468
2014-02-05,784.4737,973,2602.2936,2702.2936
2014-02-06,763.5694,974,2530.2840,2630.2840
2014-02-07,711.5713,975,2351.1650,2451.1650
2014-02-08,677.6823,976,2234.4269,2334.4269
2014-02-09,687.4061,977,2267.9226,2367.9226
2014-02-10,685.4575,978,2261.2103,2361.2103
2014-02-11,671.8997,979,2214.5074,2314.5074
2014-02-12,653.7658,980,2152.0412,2252.0412
2014-02-13,612.9184,981,2011.3334,2111.3334
2014-02-14,668.7886,982,2203.7906,2303.7906
2014-02-15,654.3771,983,2154.1469,2254.1469
2014-02-16,623.2503,984,2046.9239,2146.9239
2014-02-17,631.3346,985,2074.7720,2174.7720
2014-02-18,627.2718,986,2060.7766,2160.7766
2014-02-19,623.5401,987,2047.9222,2147.9222
2014-02-20,563.7686,988,1842.0258,1942.0258
2014-02-21,580.3243,989,1899.0558,1999.0558
2014-02-22,607.1246,990,1991.3754,2091.3754
2014-02-23,610.0823,991,2001.5638,2101.5638
2014-02-24,542.2667,992,1767.9577,1867.9577
2014-02-25,533.7076,993,1738.4743,1838.4743
2014-02-26,587.5786,994,1924.0447,2024.0447
2014-02-27,585.3939,995,1916.5192,2016.5192
2014-02-28,551.2948,996,1799.0571,1899.0571
2014-03-01,567.5342,997,1854.9975,1954.9975
2014-03-02,558.5277,998,1823.9725,1923.9725
2014-03-03,676.5057,999,2230.3740,2330.3740
2014-03-04,674.5114,1000,2223.5041,2323.5041
2014-03-05,670.3389,1001,2209.1308,2309.1308
2014-03-06,667.7128,1002,2200.0849,2300.0849
2014-03-07,631.7703,1003,2076.2728,2176.2728
2014-03-08,621.5241,1004,2040.9776,2140.9776
2014-03-09,640.5789,1005,2106.6160,2206.6160
2014-03-10,628.1512,1006,2063.8062,2163.8062
2014-03-11,633.7338,1007,2083.0367,2183.0367
2014-03-12,634.6468,1008,2086.1817,2186.1817
2014-03-13,643.4321,1009,2116.4445,2216.4445
2014-03-14,628.3086,1010,2064.3482,2164.3482
2014-03-15,636.2187,1011,2091.5962,2191.5962
2014-03-16,634.1689,1012,2084.5354,2184.5354
2014-03-17,622.7602,1013,2045.2356,2145.2356
2014-03-18,614.3095,1014,2016.1253,2116.1253
2014-03-19,610.5112,1015,2003.0412,2103.0412
2014-03-20,586.6076,1016,1920.6999,2020.6999
2014-03-21,569.6945,1017,1862.4391,1962.4391
2014-03-22,564.7000,1018,1845.2344,1945.2344
2014-03-23,558.9589,1019,1825.4577,1925.4577
2014-03-24,585.0233,1020,1915.2423,2015.2423
2014-03-25,583.7712,1021,1910.9293,2010.9293
2014-03-26,579.2439,1022,1895.3339,1995.3339
2014-03-27,483.1640,1023,1564.3656,1664.3656
2014-03-28,498.6613,1024,1617.7495,1717.7495
2014-03-29,489.5170,1025,1586.2499,1686.2499
2014-03-30,458.9663,1026,1481.0113,1581.0113
2014-03-31,455.3554,1027,1468.5725,1568.5725
2014-04-01,479.0085,1028,1550.0509,1650.0509
2014-04-02,439.0115,1029,1412.2724,1512.2724
2014-04-03,449.4412,1030,1448.1997,1548.1997
2014-04-04,449.7199,1031,1449.1598,1549.1598
2014-04-05,461.6753,1032,1490.3430,1590.3430
2014-04-06,458.6335,1033,1479.8647,1579.8647
2014-04-07,448.6553,1034,1445.4926,1545.4926
2014-04-08,452.8031,1035,1459.7807,1559.7807
2014-04-09,442.8380,1036,1425.4536,1525.4536
2014-04-10,366.9119,1037,1163.9093,1263.9093
2014-04-11,421.9435,1038,1353.4780,1453.4780
2014-04-12,424.2742,1039,1361.5066,1461.5066
2014-04-13,416.3623,1040,1334.2523,1434.2523
2014-04-14,461.1082,1041,1488.3896,1588.3896
2014-04-15,521.6153,1042,1696.8195,1796.8195
2014-04-16,531.4818,1043,1730.8071,1830.8071
2014-04-17,499.8376,1044,1621.8013,1721.8013
2014-04-18,483.0200,1045,1563.8695,1663.8695
2014-04-19,504.3656,1046,1637.3991,1737.3991
2014-04-20,501.5572,1047,1627.7249,1727.7249
2014-04-21,498.0845,1048,1615.7626,1715.7626
2014-04-22,489.5035,1049,1586.2034,1686.2034
2014-04-23,490.6330,1050,1590.0940,1690.0940
2014-04-24,503.2918,1051,1633.7002,1733.7002
2014-04-25,466.4262,1052,1506.7084,1606.7084
2014-04-26,459.2267,1053,1481.9082,1581.9082
2014-04-27,438.7094,1054,1411.2317,1511.2317
2014-04-28,441.5478,1055,1421.0093,1521.0093
2014-04-29,447.7099,1056,1442.2361,1542.2361
2014-04-30,448.8757,1057,1446.2519,1546.2519
2014-05-01,460.1947,1058,1485.2427,1585.2427
2014-05-02,452.2398,1059,1457.8402,1557.8402
2014-05-03,438.9786,1060,1412.1591,1512.1591
2014-05-04,436.6754,1061,1404.2252,1504.2252
2014-05-05,432.3382,1062,1389.2847,1489.2847
2014-05-06,430.1282,1063,1381.6720,1481.6720
2014-05-07,442.1829,1064,1423.1969,1523.1969
2014-05-08,440.4028,1065,1417.0650,1517.0650
2014-05-09,452.6980,1066,1459.4186,1559.4186
2014-05-10,456.7558,1067,1473.3968,1573.3968
2014-05-11,439.1145,1068,1412.6272,1512.6272
2014-05-12,441.2810,1069,1420.0901,1520.0901
2014-05-13,439.0058,1070,1412.2527,1512.2527
2014-05-14,444.8482,1071,1432.3783,1532.3783
2014-05-15,446.9616,1072,1439.6582,1539.6582
2014-05-16,448.7422,1073,1445.7918,1545.7918
2014-05-17,449.2223,1074,1447.4458,1547.4458
2014-05-18,446.9626,1075,1439.6619,1539.6619
2014-05-19,447.4049,1076,1441.1852,1541.1852
2014-05-20,490.3356,1077,1589.0698,1689.0698
2014-05-21,493.9335,1078,1601.4634,1701.4634
2014-05-22,526.8143,1079,1714.7286,1814.7286
2014-05-23,523.6993,1080,1703.9984,1803.9984
2014-05-24,527.6912,1081,1717.7495,1817.7495
2014-05-25,573.3125,1082,1874.9019,1974.9019
2014-05-26,584.8480,1083,1914.6385,2014.6385
2014-05-27,573.9283,1084,1877.0232,1977.0232
2014-05-28,579.1893,1085,1895.1460,1995.1460
2014-05-29,570.3493,1086,1864.6946,1964.6946
2014-05-30,620.8464,1087,2038.6429,2138.6429
2014-05-31,627.8924,1088,2062.9146,2162.9146
2014-06-01,630.0750,1089,2070.4329,2170.4329
2014-06-02,663.5057,1090,2185.5926,2285.5926
2014-06-03,672.3879,1091,2216.1892,2316.1892
2014-06-04,643.8874,1092,2118.0128,2218.0128
2014-06-05,661.5036,1093,2178.6957,2278.6957
2014-06-06,650.1333,1094,2139.5283,2239.5283
2014-06-07,656.8003,1095,2162.4942,2262.4942
2014-06-08,657.8200,1096,2166.0067,2266.0067
2014-06-09,648.3363,1097,2133.3382,2233.3382
2014-06-10,650.9366,1098,2142.2955,2242.2955
2014-06-11,631.4890,1099,2075.3039,2175.3039
2014-06-12,591.9751,1100,1939.1894,2039.1894
2014-06-13,597.0450,1101,1956.6539,2056.6539
2014-06-14,575.5595,1102,1882.6422,1982.6422
2014-06-15,589.7246,1103,1931.4373,2031.4373
2014-06-16,590.5675,1104,1934.3406,2034.3406
2014-06-17,609.0800,1105,1998.1111,2098.1111
2014-06-18,607.6298,1106,1993.1155,2093.1155
2014-06-19,595.7515,1107,1952.1980,2052.1980
2014-06-20,591.5315,1108,1937.6615,2037.6615
2014-06-21,592.7643,1109,1941.9082,2041.9082
2014-06-22,599.6346,1110,1965.5744,2065.5744
2014-06-23,589.5523,1111,1930.8436,2030.8436
2014-06-24,579.9737,1112,1897.8481,1997.8481
2014-06-25,562.2368,1113,1836.7492,1936.7492
2014-06-26,580.7492,1114,1900.5195,2000.5195
2014-06-27,600.6383,1115,1969.0318,2069.0318
2014-06-28,594.3903,1116,1947.5092,2047.5092
2014-06-29,600.8405,1117,1969.7284,2069.7284
2014-06-30,638.9461,1118,2100.9915,2200.9915
2014-07-01,642.9566,1119,2114.8065,2214.8065
2014-07-02,651.2983,1120,2143.5416,2243.5416
2014-07-03,646.4134,1121,2126.7142,2226.7142
2014-07-04,630.6355,1122,2072.3638,2172.3638
2014-07-05,630.4683,1123,2071.7880,2171.7880
2014-07-06,634.6727,1124,2086.2707,2186.2707
2014-07-07,622.8550,1125,2045.5621,2145.5621
2014-07-08,624.8943,1126,2052.5871,2152.5871
2014-07-09,621.9391,1127,2042.4071,2142.4071
2014-07-10,616.5228,1128,2023.7496,2123.7496
2014-07-11,634.4944,1129,2085.6566,2185.6566
2014-07-12,636.9240,1130,2094.0258,2194.0258
2014-07-13,629.8758,1131,2069.7467,2169.7467
2014-07-14,619.1975,1132,2032.9629,2132.9629
2014-07-15,621.9346,1133,2042.3916,2142.3916
2014-07-16,616.3519,1134,2023.1607,2123.1607
2014-07-17,624.2593,1135,2050.3995,2150.3995
2014-07-18,630.7501,1136,2072.7587,2172.7587
2014-07-19,629.1734,1137,2067.3271,2167.3271
2014-07-20,625.2487,1138,2053.8077,2153.8077
2014-07-21,621.3053,1139,2040.2240,2140.2240
2014-07-22,619.8233,1140,2035.1187,2135.1187
2014-07-23,619.7728,1141,2034.9449,2134.9449
2014-07-24,602.8796,1142,1976.7526,2076.7526
2014-07-25,601.5785,1143,1972.2706,2072.2706
2014-07-26,594.7026,1144,1948.5850,2048.5850
2014-07-27,591.5754,1145,1937.8128,2037.8128
2014-07-28,587.4930,1146,1923.7499,2023.7499
2014-07-29,584.1124,1147,1912.1046,2012.1046
2014-07-30,562.9146,1148,1839.0842,1939.0842
2014-07-31,581.9756,1149,1904.7438,2004.7438
2014-08-01,596.5068,1150,1954.7998,2054.7998
2014-08-02,589.7573,1151,1931.5496,2031.5496
2014-08-03,586.7537,1152,1921.2033,2021.2033
2014-08-04,587.6083,1153,1924.1472,2024.1472
2014-08-05,581.8820,1154,1904.4215,2004.4215
2014-08-06,582.2484,1155,1905.6836,2005.6836
2014-08-07,586.0466,1156,1918.7676,2018.7676
2014-08-08,589.0244,1157,1929.0252,2029.0252
2014-08-09,588.9785,1158,1928.8671,2028.8671
2014-08-10,589.3735,1159,1930.2277,2030.2277
2014-08-11,573.4415,1160,1875.3463,1975.3463
2014-08-12,568.3075,1161,1857.6612,1957.6612
2014-08-13,548.3702,1162,1788.9826,1888.9826
2014-08-14,505.1075,1163,1639.9548,1739.9548
2014-08-15,500.3231,1164,1623.4737,1723.4737
2014-08-16,521.7480,1165,1697.2765,1797.2765
2014-08-17,497.7647,1166,1614.6607,1714.6607
2014-08-18,468.9579,1167,1515.4295,1615.4295
2014-08-19,486.7944,1168,1576.8711,1676.8711
2014-08-20,515.1204,1169,1674.4463,1774.4463
2014-08-21,519.3079,1170,1688.8710,1788.8710
2014-08-22,516.1594,1171,1678.0254,1778.0254
2014-08-23,497.1258,1172,1612.4599,1712.4599
2014-08-24,508.4307,1173,1651.4024,1751.4024
2014-08-25,501.6103,1174,1627.9078,1727.9078
2014-08-26,511.8523,1175,1663.1888,1763.1888
2014-08-27,510.1623,1176,1657.3672,1757.3672
2014-08-28,506.2852,1177,1644.0114,1744.0114
2014-08-29,508.8666,1178,1652.9037,1752.9037
2014-08-30,501.2757,1179,1626.7554,1726.7554
2014-08-31,478.5114,1180,1548.3387,1648.3387
2014-09-01,474.5415,1181,1534.6634,1634.6634
2014-09-02,474.4307,1182,1534.2816,1634.2816
2014-09-03,473.9592,1183,1532.6576,1632.6576
2014-09-04,489.5552,1184,1586.3814,1686.3814
2014-09-05,478.7498,1185,1549.1598,1649.1598
2014-09-06,480.6425,1186,1555.6796,1655.6796
2014-09-07,478.3655,1187,1547.8360,1647.8360
2014-09-08,468.9755,1188,1515.4901,1615.4901
2014-09-09,473.5120,1189,1531.1172,1631.1172
2014-09-10,477.7784,1190,1545.8137,1645.8137
2014-09-11,477.2707,1191,1544.0647,1644.0647
2014-09-12,473.9973,1192,1532.7887,1632.7887
2014-09-13,477.9610,1193,1546.4425,1646.4425
2014-09-14,475.6481,1194,1538.4752,1638.4752
2014-09-15,472.6556,1195,1528.1671,1628.1671
2014-09-16,464.1778,1196,1498.9632,1598.9632
2014-09-17,456.3399,1197,1471.9639,1571.9639
2014-09-18,426.8801,1198,1370.4832,1470.4832
2014-09-19,393.8939,1199,1256.8548,1356.8548
2014-09-20,411.0413,1200,1315.9230,1415.9230
2014-09-21,400.4045,1201,1279.2822,1379.2822
2014-09-22,400.8816,1202,1280.9256,1380.9256
2014-09-23,438.4918,1203,1410.4822,1510.4822
2014-09-24,423.7001,1204,1359.5289,1459.5289
2014-09-25,409.5377,1205,1310.7436,1410.7436
2014-09-26,405.2983,1206,1296.1397,1396.1397
2014-09-27,400.5993,1207,1279.9532,1379.9532
2014-09-28,375.5500,1208,1193.6652,1293.6652
2014-09-29,373.0646,1209,1185.1036,1285.1036
2014-09-30,389.2640,1210,1240.9063,1340.9063
2014-10-01,382.9094,1211,1219.0162,1319.0162
2014-10-02,372.5257,1212,1183.2474,1283.2474
2014-10-03,357.6657,1213,1132.0588,1232.0588
2014-10-04,328.8261,1214,1032.7144,1132.7144
2014-10-05,322.8263,1215,1012.0466,1112.0466
2014-10-06,326.8035,1216,1025.7472,1125.7472
2014-10-07,333.5702,1217,1049.0565,1149.0565
2014-10-08,354.4073,1218,1120.8346,1220.8346
2014-10-09,361.7164,1219,1146.0124,1246.0124
2014-10-10,358.8904,1220,1136.2775,1236.2775
2014-10-11,361.9084,1221,1146.6736,1246.6736
2014-10-12,377.8712,1222,1201.6613,1301.6613
2014-10-13,391.9942,1223,1250.3110,1350.3110
2014-10-14,400.8806,1224,1280.9221,1380.9221
2014-10-15,394.6259,1225,1259.3763,1359.3763
2014-10-16,382.3215,1226,1216.9911,1316.9911
2014-10-17,382.2008,1227,1216.5754,1316.5754
2014-10-18,391.2932,1228,1247.8961,1347.8961
2014-10-19,388.6845,1229,1238.9099,1338.9099
2014-10-20,381.1909,1230,1213.0964,1313.0964
2014-10-21,385.2046,1231,1226.9228,1326.9228
2014-10-22,380.7788,1232,1211.6769,1311.6769
2014-10-23,357.3448,1233,1130.9534,1230.9534
2014-10-24,357.4884,1234,1131.4482,1231.4482
2014-10-25,345.8112,1235,1091.2235,1191.2235
2014-10-26,353.0820,1236,1116.2691,1216.2691
2014-10-27,350.0157,1237,1105.7067,1205.7067
2014-10-28,354.6538,1238,1121.6837,1221.6837
2014-10-29,333.5994,1239,1049.1569,1149.1569
2014-10-30,344.6094,1240,1087.0834,1187.0834
2014-10-31,337.1829,1241,1061.5013,1161.5013
2014-11-01,324.3713,1242,1017.3689,1117.3689
2014-11-02,324.2486,1243,1016.9461,1116.9461
2014-11-03,325.3619,1244,1020.7811,1120.7811
2014-11-04,329.6577,1245,1035.5790,1135.5790
2014-11-05,338.8058,1246,1067.0916,1167.0916
2014-11-06,349.6899,1247,1104.5844,1204.5844
2014-11-07,342.1333,1248,1078.5540,1178.5540
2014-11-08,345.7163,1249,1090.8966,1190.8966
2014-11-09,363.6101,1250,1152.5354,1252.5354
2014-11-10,365.5023,1251,1159.0535,1259.0535
2014-11-11,367.8255,1252,1167.0564,1267.0564
2014-11-12,422.5914,1253,1355.7098,1455.7098
2014-11-13,421.9145,1254,1353.3779,1453.3779
2014-11-14,398.3889,1255,1272.3388,1372.3388
2014-11-15,377.9938,1256,1202.0836,1302.0836
2014-11-16,390.2058,1257,1244.1505,1344.1505
2014-11-17,387.5010,1258,1234.8332,1334.8332
2014-11-18,373.8646,1259,1187.8594,1287.8594
2014-11-19,377.6134,1260,1200.7731,1300.7731
2014-11-20,356.1813,1261,1126.9453,1226.9453
2014-11-21,350.7489,1262,1108.2322,1208.2322
2014-11-22,352.4555,1263,1114.1112,1214.1112
2014-11-23,367.7732,1264,1166.8765,1266.8765
2014-11-24,376.9942,1265,1198.6402,1298.6402
2014-11-25,376.7556,1266,1197.8183,1297.8183
2014-11-26,367.5302,1267,1166.0393,1266.0393
2014-11-27,369.5302,1268,1172.9288,1272.9288
2014-11-28,377.8969,1269,1201.7498,1301.7498
2014-11-29,376.0763,1270,1195.4783,1295.4783
2014-11-30,378.6904,1271,1204.4830,1304.4830
2014-12-01,379.1120,1272,1205.9353,1305.9353
2014-12-02,382.9468,1273,1219.1451,1319.1451
2014-12-03,375.9160,1274,1194.9261,1294.9261
2014-12-04,368.8456,1275,1170.5703,1270.5703
2014-12-05,378.4283,1276,1203.5803,1303.5803
2014-12-06,375.1380,1277,1192.2458,1292.2458
2014-12-07,376.6398,1278,1197.4193,1297.4193
2014-12-08,363.2157,1279,1151.1769,1251.1769
2014-12-09,351.1068,1280,1109.4653,1209.4653
2014-12-10,347.8814,1281,1098.3546,1198.3546
2014-12-11,348.5930,1282,1100.8059,1200.8059
2014-12-12,353.1906,1283,1116.6434,1216.6434
2014-12-13,349.2429,1284,1103.0448,1203.0448
2014-12-14,356.0797,1285,1126.5955,1226.5955
2014-12-15,347.0952,1286,1095.6463,1195.6463
2014-12-16,328.6133,1287,1031.9814,1131.9814
2014-12-17,320.2976,1288,1003.3361,1103.3361
2014-12-18,313.5117,1289,979.9604,1079.9604
2014-12-19,318.2429,1290,996.2582,1096.2582
2014-12-20,330.0658,1291,1036.9847,1136.9847
2014-12-21,320.9927,1292,1005.7304,1105.7304
2014-12-22,331.8426,1293,1043.1054,1143.1054
2014-12-23,336.0841,1294,1057.7163,1157.7163
2014-12-24,323.0323,1295,1012.7564,1112.7564
2014-12-25,318.9961,1296,998.8529,1098.8529
2014-12-26,329.2103,1297,1034.0380,1134.0380
2014-12-27,315.9684,1298,988.4234,1088.4234
2014-12-28,317.0105,1299,992.0129,1092.0129
2014-12-29,313.0655,1300,978.4236,1078.4236
2014-12-30,310.4420,1301,969.3863,1069.3863
2014-12-31,320.6623,1302,1004.5923,1104.5923
2015-01-01,314.7765,1303,984.3173,1084.3173
2015-01-02,315.9427,1304,988.3348,1088.3348
2015-01-03,285.6473,1305,883.9755,983.9755
2015-01-04,263.3346,1306,807.1143,907.1143
2015-01-05,275.0039,1307,847.3117,947.3117
2015-01-06,287.5495,1308,890.5281,990.5281
2015-01-07,297.5356,1309,924.9272,1024.9272
2015-01-08,284.3424,1310,879.4804,979.4804
2015-01-09,292.5011,1311,907.5849,1007.5849
2015-01-10,276.2305,1312,851.5373,951.5373
2015-01-11,268.7555,1313,825.7880,925.7880
2015-01-12,268.6172,1314,825.3116,925.3116
2015-01-13,224.1081,1315,671.9901,771.9901
2015-01-14,175.6376,1316,505.0228,605.0228
2015-01-15,212.3410,1317,631.4557,731.4557
2015-01-16,207.5952,1318,615.1077,715.1077
2015-01-17,199.8248,1319,588.3410,688.3410
2015-01-18,211.1325,1320,627.2928,727.2928
2015-01-19,216.8947,1321,647.1419,747.1419
2015-01-20,211.9199,1322,630.0049,730.0049
2015-01-21,227.9042,1323,685.0666,785.0666
2015-01-22,233.6474,1324,704.8502,804.8502
2015-01-23,233.1329,1325,703.0778,803.0778
2015-01-24,249.0821,1326,758.0186,858.0186
2015-01-25,254.5179,1327,776.7435,876.7435
2015-01-26,273.9522,1328,843.6892,943.6892
2015-01-27,264.7538,1329,812.0032,912.0032
2015-01-28,235.7358,1330,712.0444,812.0444
2015-01-29,233.9574,1331,705.9180,805.9180
2015-01-30,228.8962,1332,688.4837,788.4837
2015-01-31,217.3322,1333,648.6488,748.6488
2015-02-01,227.1113,1334,682.3352,782.3352
2015-02-02,240.0924,1335,727.0516,827.0516
2015-02-03,227.7757,1336,684.6239,784.6239
2015-02-04,226.7811,1337,681.1979,781.1979
2015-02-05,217.0112,1338,647.5430,747.5430
2015-02-06,222.7250,1339,667.2255,767.2255
2015-02-07,228.6471,1340,687.6257,787.6257
2015-02-08,224.0360,1341,671.7416,771.7416
2015-02-09,220.7685,1342,660.4860,760.4860
2015-02-10,220.8882,1343,660.8982,760.8982
2015-02-11,219.4959,1344,656.1022,756.1022
2015-02-12,222.5832,1345,666.7373,766.7373
2015-02-13,236.5554,1346,714.8674,814.8674
2015-02-14,257.6277,1347,787.4557,887.4557
2015-02-15,234.4458,1348,707.6005,807.6005
2015-02-16,235.0861,1349,709.8063,809.8063
2015-02-17,243.9058,1350,740.1876,840.1876
2015-02-18,235.9952,1351,712.9379,812.9379
2015-02-19,241.8723,1352,733.1826,833.1826
2015-02-20,245.5308,1353,745.7852,845.7852
2015-02-21,245.5960,1354,746.0099,846.0099
2015-02-22,236.6907,1355,715.3335,815.3335
2015-02-23,239.0660,1356,723.5159,823.5159
2015-02-24,239.8693,1357,726.2829,826.2829
2015-02-25,238.2361,1358,720.6571,820.6571
2015-02-26,237.0444,1359,716.5520,816.5520
2015-02-27,255.1168,1360,778.8063,878.8063
2015-02-28,254.9484,1361,778.2265,878.2265
2015-03-01,260.6513,1362,797.8713,897.8713
2015-03-02,276.3226,1363,851.8545,951.8545
2015-03-03,282.7059,1364,873.8432,973.8432
2015-03-04,273.4475,1365,841.9507,941.9507
2015-03-05,276.2688,1366,851.6692,951.6692
2015-03-06,273.3181,1367,841.5048,941.5048
2015-03-07,276.4034,1368,852.1326,952.1326
2015-03-08,275.3380,1369,848.4629,948.4629
2015-03-09,290.1301,1370,899.4173,999.4173
2015-03-10,292.3204,1371,906.9624,1006.9624
2015-03-11,296.6933,1372,922.0260,1022.0260
2015-03-12,295.8003,1373,918.9499,1018.9499
2015-03-13,285.9110,1374,884.8839,984.8839
2015-03-14,283.6083,1375,876.9517,976.9517
2015-03-15,287.2701,1376,889.5657,989.5657
2015-03-16,291.3921,1377,903.7648,1003.7648
2015-03-17,285.2484,1378,882.6013,982.6013
2015-03-18,257.2862,1379,786.2792,886.2792
2015-03-19,262.0929,1380,802.8373,902.8373
2015-03-20,262.9665,1381,805.8464,905.8464
2015-03-21,261.1843,1382,799.7072,899.7072
2015-03-22,268.8994,1383,826.2837,926.2837
2015-03-23,266.7780,1384,818.9759,918.9759
2015-03-24,246.8351,1385,750.2782,850.2782
2015-03-25,246.7191,1386,749.8788,849.8788
2015-03-26,249.5330,1387,759.5717,859.5717
2015-03-27,247.3789,1388,752.1515,852.1515
2015-03-28,253.2316,1389,772.3124,872.3124
2015-03-29,242.9676,1390,736.9558,836.9558
2015-03-30,248.3369,1391,755.4516,855.4516
2015-03-31,244.7125,1392,742.9664,842.9664
2015-04-01,247.1858,1393,751.4864,851.4864
2015-04-02,253.6301,1394,773.6850,873.6850
2015-04-03,254.8332,1395,777.8293,877.8293
2015-04-04,253.9458,1396,774.7728,874.7728
2015-04-05,261.1121,1397,799.4586,899.4586
2015-04-06,256.3674,1398,783.1143,883.1143
2015-04-07,254.8319,1399,777.8250,877.8250
2015-04-08,245.8252,1400,746.7994,846.7994
2015-04-09,243.8606,1401,740.0320,840.0320
2015-04-10,235.8719,1402,712.5131,812.5131
2015-04-11,237.4091,1403,717.8082,817.8082
2015-04-12,237.1410,1404,716.8849,816.8849
2015-04-13,225.5056,1405,676.8042,776.8042
2015-04-14,219.7572,1406,657.0025,757.0025
2015-04-15,223.3139,1407,669.2543,769.2543
2015-04-16,228.4938,1408,687.0976,787.0976
2015-04-17,222.7851,1409,667.4325,767.4325
2015-04-18,223.3980,1410,669.5441,769.5441
2015-04-19,223.2841,1411,669.1517,769.1517
2015-04-20,224.8949,1412,674.7004,774.7004
2015-04-21,234.9394,1413,709.3007,809.3007
2015-04-22,233.8224,1414,705.4532,805.4532
2015-04-23,235.9333,1415,712.7245,812.7245
2015-04-24,231.4586,1416,697.3104,797.3104
2015-04-25,226.4460,1417,680.0434,780.0434
2015-04-26,220.5034,1418,659.5729,759.5729
2015-04-27,227.3260,1419,683.0748,783.0748
2015-04-28,225.5494,1420,676.9548,776.9548
2015-04-29,225.6693,1421,677.3679,777.3679
2015-04-30,236.3280,1422,714.0841,814.0841
2015-05-01,232.7466,1423,701.7472,801.7472
2015-05-02,235.5401,1424,711.3700,811.3700
2015-05-03,240.4642,1425,728.3324,828.3324
2015-05-04,238.9767,1426,723.2081,823.2081
2015-05-05,236.0234,1427,713.0349,813.0349
2015-05-06,229.4812,1428,690.4989,790.4989
2015-05-07,237.1307,1429,716.8492,816.8492
2015-05-08,244.3835,1430,741.8331,841.8331
2015-05-09,242.7060,1431,736.0545,836.0545
2015-05-10,240.7315,1432,729.2530,829.2530
2015-05-11,242.2498,1433,734.4833,834.4833
2015-05-12,242.2091,1434,734.3429,834.3429
2015-05-13,236.5503,1435,714.8498,814.8498
2015-05-14,236.9489,1436,716.2231,816.2231
2015-05-15,237.4845,1437,718.0680,818.0680
2015-05-16,235.8121,1438,712.3072,812.3072
2015-05-17,236.9637,1439,716.2739,816.2739
2015-05-18,232.8838,1440,702.2201,802.2201
2015-05-19,231.9744,1441,699.0874,799.0874
2015-05-20,234.1903,1442,706.7204,806.7204
2015-05-21,235.5538,1443,711.4174,811.4174
2015-05-22,240.3232,1444,727.8466,827.8466
2015-05-23,238.9633,1445,723.1620,823.1620
2015-05-24,240.7118,1446,729.1850,829.1850
2015-05-25,237.0035,1447,716.4112,816.4112
2015-05-26,236.7963,1448,715.6972,815.6972
2015-05-27,237.2036,1449,717.1004,817.1004
2015-05-28,236.9569,1450,716.2505,816.2505
2015-05-29,236.6465,1451,715.1814,815.1814
2015-05-30,232.7888,1452,701.8925,801.8925
2015-05-31,229.4505,1453,690.3933,790.3933
2015-06-01,223.2827,1454,669.1468,769.1468
2015-06-02,225.3208,1455,676.1675,776.1675
2015-06-03,225.2131,1456,675.7963,775.7963
2015-06-04,223.5401,1457,670.0334,770.0334
2015-06-05,224.7311,1458,674.1360,774.1360
2015-06-06,225.1605,1459,675.6153,775.6153
2015-06-07,223.4117,1460,669.5911,769.5911
2015-06-08,228.7743,1461,688.0638,788.0638
2015-06-09,229.3705,1462,690.1176,790.1176
2015-06-10,228.5885,1463,687.4237,787.4237
2015-06-11,229.5844,1464,690.8544,790.8544
2015-06-12,229.8112,1465,691.6357,791.6357
2015-06-13,233.0153,1466,702.6730,802.6730
2015-06-14,232.5071,1467,700.9223,800.9223
2015-06-15,236.7910,1468,715.6790,815.6790
2015-06-16,251.4327,1469,766.1156,866.1156
2015-06-17,247.9693,1470,754.1853,854.1853
2015-06-18,249.0125,1471,757.7787,857.7787
2015-06-19,244.8035,1472,743.2799,843.2799
2015-06-20,245.5825,1473,745.9634,845.9634
2015-06-21,244.3003,1474,741.5464,841.5464
2015-06-22,247.0179,1475,750.9079,850.9079
2015-06-23,244.1848,1476,741.1486,841.1486
2015-06-24,240.4515,1477,728.2887,828.2887
2015-06-25,242.3479,1478,734.8209,834.8209
2015-06-26,242.9680,1479,736.9571,836.9571
2015-06-27,251.5293,1480,766.4485,866.4485
2015-06-28,249.0583,1481,757.9365,857.9365
2015-06-29,256.6502,1482,784.0886,884.0886
2015-06-30,263.8544,1483,808.9048,908.9048
2015-07-01,258.0426,1484,788.8851,888.8851
2015-07-02,254.7471,1485,777.5329,877.5329
2015-07-03,256.0870,1486,782.1486,882.1486
2015-07-04,260.5092,1487,797.3818,897.3818
2015-07-05,271.3025,1488,834.5615,934.5615
2015-07-06,269.1379,1489,827.1053,927.1053
2015-07-07,266.4699,1490,817.9147,917.9147
2015-07-08,270.5761,1491,832.0595,932.0595
2015-07-09,269.6803,1492,828.9736,928.9736
2015-07-10,285.5588,1493,883.6705,983.6705
2015-07-11,293.9175,1494,912.4638,1012.4638
2015-07-12,311.4819,1495,972.9684,1072.9684
2015-07-13,292.6492,1496,908.0951,1008.0951
2015-07-14,287.7410,1497,891.1875,991.1875
2015-07-15,285.9229,1498,884.9248,984.9248
2015-07-16,278.5327,1499,859.4678,959.4678
2015-07-17,280.0647,1500,864.7450,964.7450
2015-07-18,277.3546,1501,855.4095,955.4095
2015-07-19,275.2820,1502,848.2698,948.2698
2015-07-20,279.1144,1503,861.4714,961.4714
2015-07-21,276.6524,1504,852.9906,952.9906
2015-07-22,277.7644,1505,856.8210,956.8210
2015-07-23,276.8116,1506,853.5390,953.5390
2015-07-24,289.3060,1507,896.5786,996.5786
2015-07-25,289.5076,1508,897.2733,997.2733
2015-07-26,293.3148,1509,910.3880,1010.3880
2015-07-27,294.4268,1510,914.2183,1014.2183
2015-07-28,295.4101,1511,917.6057,1017.6057
2015-07-29,289.8558,1512,898.4727,998.4727
2015-07-30,288.2363,1513,892.8937,992.8937
2015-07-31,284.5973,1514,880.3586,980.3586
2015-08-01,281.6688,1515,870.2708,970.2708
2015-08-02,282.4230,1516,872.8687,972.8687
2015-08-03,282.1851,1517,872.0490,972.0490
2015-08-04,285.2866,1518,882.7330,982.7330
2015-08-05,282.3389,1519,872.5789,972.5789
2015-08-06,278.9957,1520,861.0627,961.0627
2015-08-07,279.4887,1521,862.7608,962.7608
2015-08-08,261.4503,1522,800.6234,900.6234
2015-08-09,266.3420,1523,817.4741,917.4741
2015-08-10,264.9288,1524,812.6061,912.6061
2015-08-11,271.4217,1525,834.9723,934.9723
2015-08-12,268.1439,1526,823.6810,923.6810
2015-08-13,264.6916,1527,811.7890,911.7890
2015-08-14,266.3559,1528,817.5221,917.5221
2015-08-15,261.9368,1529,802.2995,902.2995
2015-08-16,258.9308,1530,791.9446,891.9446
2015-08-17,258.0094,1531,788.7706,888.7706
2015-08-18,217.8859,1532,650.5562,750.5562
2015-08-19,227.2183,1533,682.7036,782.7036
2015-08-20,235.5239,1534,711.3142,811.3142
2015-08-21,232.8006,1535,701.9333,801.9333
2015-08-22,230.6392,1536,694.4878,794.4878
2015-08-23,228.6731,1537,687.7151,787.7151
2015-08-24,211.9559,1538,630.1291,730.1291
2015-08-25,222.6550,1539,666.9846,766.9846
2015-08-26,226.1167,1540,678.9091,778.9091
2015-08-27,224.9399,1541,674.8553,774.8553
2015-08-28,232.1708,1542,699.7638,799.7638
2015-08-29,229.8262,1543,691.6873,791.6873
2015-08-30,229.0196,1544,688.9087,788.9087
2015-08-31,230.6895,1545,694.6610,794.6610
2015-09-01,227.9556,1546,685.2435,785.2435
2015-09-02,229.5022,1547,690.5711,790.5711
2015-09-03,227.1071,1548,682.3208,782.3208
2015-09-04,231.1776,1549,696.3424,796.3424
2015-09-05,235.9030,1550,712.6202,812.6202
2015-09-06,240.8055,1551,729.5078,829.5078
2015-09-07,240.6336,1552,728.9158,828.9158
2015-09-08,244.1750,1553,741.1148,841.1148
2015-09-09,238.7225,1554,722.3324,822.3324
2015-09-10,238.7505,1555,722.4290,822.4290
2015-09-11,240.8450,1556,729.6440,829.6440
2015-09-12,236.3518,1557,714.1663,814.1663
2015-09-13,230.5488,1558,694.1766,794.1766
2015-09-14,230.9488,1559,695.5543,795.5543
2015-09-15,230.3986,1560,693.6590,793.6590
2015-09-16,229.0433,1561,688.9904,788.9904
2015-09-17,233.2027,1562,703.3184,803.3184
2015-09-18,233.1751,1563,703.2234,803.2234
2015-09-19,232.2416,1564,700.0076,800.0076
2015-09-20,231.3623,1565,696.9788,796.9788
2015-09-21,226.7734,1566,681.1714,781.1714
2015-09-22,230.6263,1567,694.4434,794.4434
2015-09-23,230.1324,1568,692.7422,792.7422
2015-09-24,234.3199,1569,707.1667,807.1667
2015-09-25,235.5382,1570,711.3636,811.3636
2015-09-26,234.5918,1571,708.1035,808.1035
2015-09-27,233.2433,1572,703.4583,803.4583
2015-09-28,240.0173,1573,726.7927,826.7927
2015-09-29,237.3362,1574,717.5573,817.5573
2015-09-30,236.7398,1575,715.5029,815.5029
2015-10-01,238.2298,1576,720.6354,820.6354
2015-10-02,237.9370,1577,719.6268,819.6268
2015-10-03,239.7359,1578,725.8234,825.8234
2015-10-04,239.5169,1579,725.0691,825.0691
2015-10-05,240.9612,1580,730.0443,830.0443
2015-10-06,246.9405,1581,750.6413,850.6413
2015-10-07,243.7345,1582,739.5975,839.5975
2015-10-08,243.0296,1583,737.1695,837.1695
2015-10-09,244.4489,1584,742.0584,842.0584
2015-10-10,245.9559,1585,747.2497,847.2497
2015-10-11,248.5282,1586,756.1104,856.1104
2015-10-12,246.0936,1587,747.7241,847.7241
2015-10-13,250.4713,1588,762.8039,862.8039
2015-10-14,253.1423,1589,772.0049,872.0049
2015-10-15,254.6930,1590,777.3466,877.3466
2015-10-16,262.7374,1591,805.0571,905.0571
2015-10-17,271.9309,1592,836.7264,936.7264
2015-10-18,263.4817,1593,807.6211,907.6211
2015-10-19,264.3627,1594,810.6560,910.6560
2015-10-20,270.8322,1595,832.9416,932.9416
2015-10-21,268.0402,1596,823.3240,923.3240
2015-10-22,275.4150,1597,848.7279,948.7279
2015-10-23,278.6128,1598,859.7435,959.7435
2015-10-24,283.6111,1599,876.9615,976.9615
2015-10-25,286.0497,1600,885.3616,985.3616
2015-10-26,286.7034,1601,887.6134,987.6134
2015-10-27,295.5629,1602,918.1320,1018.1320
2015-10-28,304.4421,1603,948.7183,1048.7183
2015-10-29,314.8795,1604,984.6721,1084.6721
2015-10-30,328.4923,1605,1031.5646,1131.5646
2015-10-31,314.1195,1606,982.0543,1082.0543
2015-11-01,329.8542,1607,1036.2560,1136.2560
2015-11-02,364.6166,1608,1156.0028,1256.0028
2015-11-03,400.9231,1609,1281.0685,1381.0685
2015-11-04,405.4817,1610,1296.7715,1396.7715
2015-11-05,384.3412,1611,1223.9486,1323.9486
2015-11-06,372.9754,1612,1184.7965,1284.7965
2015-11-07,386.5046,1613,1231.4006,1331.4006
2015-11-08,372.4001,1614,1182.8148,1282.8148
2015-11-09,380.4956,1615,1210.7016,1310.7016
2015-11-10,337.8305,1616,1063.7321,1163.7321
2015-11-11,308.9222,1617,964.1510,1064.1510
2015-11-12,337.5230,1618,1062.6728,1162.6728
2015-11-13,337.2790,1619,1061.8321,1161.8321
2015-11-14,333.0471,1620,1047.2546,1147.2546
2015-11-15,319.9280,1621,1002.0630,1102.0630
2015-11-16,331.1327,1622,1040.6601,1140.6601
2015-11-17,335.8498,1623,1056.9090,1156.9090
2015-11-18,335.7445,1624,1056.5464,1156.5464
2015-11-19,326.2321,1625,1023.7790,1123.7790
2015-11-20,321.9405,1626,1008.9953,1108.9953
2015-11-21,325.9052,1627,1022.6528,1122.6528
2015-11-22,323.7170,1628,1015.1149,1115.1149
2015-11-23,323.0126,1629,1012.6884,1112.6884
2015-11-24,319.9614,1630,1002.1778,1102.1778
2015-11-25,328.9605,1631,1033.1772,1133.1772
2015-11-26,356.2553,1632,1127.2003,1227.2003
2015-11-27,359.2688,1633,1137.5811,1237.5811
2015-11-28,356.5673,1634,1128.2752,1228.2752
2015-11-29,371.7076,1635,1180.4293,1280.4293
2015-11-30,377.3898,1636,1200.0030,1300.0030
2015-12-01,362.5324,1637,1148.8231,1248.8231
2015-12-02,359.2224,1638,1137.4212,1237.4212
2015-12-03,361.2101,1639,1144.2682,1244.2682
2015-12-04,363.2416,1640,1151.2663,1251.2663
2015-12-05,389.3630,1641,1241.2470,1341.2470
2015-12-06,393.3191,1642,1254.8749,1354.8749
2015-12-07,395.3466,1643,1261.8590,1361.8590
2015-12-08,413.7987,1644,1325.4212,1425.4212
2015-12-09,417.6327,1645,1338.6283,1438.6283
2015-12-10,415.7299,1646,1332.0739,1432.0739
2015-12-11,453.8615,1647,1463.4265,1563.4265
2015-12-12,435.8557,1648,1401.4017,1501.4017
2015-12-13,434.4035,1649,1396.3990,1496.3990
2015-12-14,442.9917,1650,1425.9831,1525.9831
2015-12-15,464.6179,1651,1500.4793,1600.4793
2015-12-16,454.1425,1652,1464.3945,1564.3945
2015-12-17,456.2401,1653,1471.6203,1571.6203
2015-12-18,463.1758,1654,1495.5116,1595.5116
2015-12-19,461.3999,1655,1489.3943,1589.3943
2015-12-20,442.1540,1656,1423.0974,1523.0974
2015-12-21,437.6401,1657,1407.5485,1507.5485
2015-12-22,435.2684,1658,1399.3784,1499.3784
2015-12-23,442.6657,1659,1424.8602,1524.8602
2015-12-24,455.8787,1660,1470.3753,1570.3753
2015-12-25,455.7188,1661,1469.8245,1569.8245
2015-12-26,418.2215,1662,1340.6568,1440.6568
2015-12-27,422.7059,1663,1356.1042,1456.1042
2015-12-28,421.0529,1664,1350.4100,1450.4100
2015-12-29,431.3400,1665,1385.8463,1485.8463
2015-12-30,426.0436,1666,1367.6018,1467.6018
2015-12-31,429.6772,1667,1380.1182,1480.1182
